"rt","key_press","correct","coherent_movement_direction","coherent_orientation","stimulus_type","block_type","task_type","task_transition","congruency"
"-1","","false","90","0","4","training","mov","null","incongruent?"
"1138","t","false","270","0","4","training","mov","repetition","incongruent?"
"734","v","true","90","0","4","training","or","switch","incongruent?"
"742","t","false","270","0","4","training","or","repetition","incongruent?"
"1213","t","false","270","0","1","training","or","repetition","incongruent?"
"756","v","false","90","0","1","training","mov","switch","incongruent?"
"1035","t","false","270","0","1","training","mov","repetition","incongruent?"
"1054","t","true","90","0","4","training","or","switch","incongruent?"
"798","v","true","270","0","4","training","mov","switch","incongruent?"
"787","v","true","270","0","1","training","mov","repetition","incongruent?"
"856","t","true","90","0","1","training","mov","repetition","incongruent?"
"897","v","false","270","0","1","training","or","switch","incongruent?"
"800","t","false","90","0","4","training","or","repetition","incongruent?"
"835","t","true","90","0","1","training","mov","switch","incongruent?"
"1358","t","true","90","0","1","training","or","switch","incongruent?"
"1331","v","false","270","0","1","training","or","repetition","incongruent?"
"1147","t","true","90","0","1","experimental","mov","null","incongruent?"
"1174","v","true","270","0","4","experimental","mov","repetition","incongruent?"
"861","t","true","90","0","1","experimental","or","switch","incongruent?"
"1094","t","true","90","0","1","experimental","or","repetition","incongruent?"
"1083","v","false","270","0","4","experimental","or","repetition","incongruent?"
"1322","t","true","90","0","1","experimental","mov","switch","incongruent?"
"1335","v","true","270","0","1","experimental","mov","repetition","incongruent?"
"989","t","true","90","0","1","experimental","or","switch","incongruent?"
"1211","v","true","270","0","1","experimental","or","repetition","incongruent?"
"1344","t","false","90","0","1","experimental","or","repetition","incongruent?"
"1717","t","true","270","0","4","experimental","or","repetition","incongruent?"
"818","t","true","90","0","1","experimental","or","repetition","incongruent?"
"813","t","true","90","0","4","experimental","or","repetition","incongruent?"
"1067","v","false","270","0","4","experimental","or","repetition","incongruent?"
"1062","v","true","270","0","4","experimental","or","repetition","incongruent?"
"1170","t","false","90","0","1","experimental","or","repetition","incongruent?"
"928","t","true","90","0","4","experimental","mov","switch","incongruent?"
"1120","v","false","270","0","1","experimental","or","switch","incongruent?"
"888","v","true","270","0","1","experimental","mov","switch","incongruent?"
"839","t","false","90","0","1","experimental","or","switch","incongruent?"
"1108","v","true","270","0","4","experimental","or","repetition","incongruent?"
"902","v","true","270","0","4","experimental","mov","switch","incongruent?"
"895","v","false","270","0","4","experimental","or","switch","incongruent?"
"837","t","true","90","0","4","experimental","mov","switch","incongruent?"
"856","v","true","270","0","1","experimental","mov","repetition","incongruent?"
"1167","v","true","270","0","1","experimental","mov","repetition","incongruent?"
"798","v","false","270","0","1","experimental","or","switch","incongruent?"
"776","v","true","270","0","4","experimental","or","repetition","incongruent?"
"863","t","true","90","0","4","experimental","or","repetition","incongruent?"
"1105","t","true","90","0","1","experimental","mov","switch","incongruent?"
"1814","t","true","90","0","1","experimental","mov","repetition","incongruent?"
"1476","t","true","90","0","4","experimental","mov","repetition","incongruent?"
"820","v","false","270","0","4","experimental","or","switch","incongruent?"
"827","v","true","270","0","1","experimental","mov","switch","incongruent?"
"902","v","true","270","0","4","experimental","mov","repetition","incongruent?"
"805","t","true","90","0","1","experimental","or","switch","incongruent?"
"1098","v","true","270","0","4","experimental","mov","switch","incongruent?"
"1101","t","false","90","0","1","experimental","or","switch","incongruent?"
"863","t","false","90","0","4","experimental","or","repetition","incongruent?"
"796","v","true","270","0","4","experimental","mov","switch","incongruent?"
"819","t","true","90","0","1","experimental","mov","repetition","incongruent?"
"1000","t","true","90","0","4","experimental","mov","repetition","incongruent?"
"797","t","true","90","0","4","experimental","mov","repetition","incongruent?"
"1374","t","true","90","0","1","experimental","mov","repetition","incongruent?"
"770","t","false","90","0","1","experimental","or","switch","incongruent?"
"965","v","true","270","0","4","experimental","mov","switch","incongruent?"
"700","t","false","90","0","4","experimental","or","switch","incongruent?"
"762","t","true","90","0","1","experimental","mov","switch","incongruent?"
"823","v","true","270","0","4","experimental","mov","repetition","incongruent?"
"785","t","true","90","0","1","experimental","mov","repetition","incongruent?"
"726","t","true","90","0","4","experimental","or","switch","incongruent?"
"736","t","false","90","0","4","experimental","or","repetition","incongruent?"
"715","v","true","270","0","1","experimental","or","repetition","incongruent?"
"716","v","true","270","0","1","experimental","mov","switch","incongruent?"
"794","t","true","90","0","1","experimental","or","switch","incongruent?"
"620","t","false","90","0","1","experimental","or","repetition","incongruent?"
"679","v","true","270","0","1","experimental","mov","switch","incongruent?"
"603","t","true","90","0","1","experimental","mov","repetition","incongruent?"
"705","t","true","90","0","1","experimental","mov","repetition","incongruent?"
"791","v","true","270","0","1","experimental","mov","repetition","incongruent?"
"681","v","true","270","0","4","experimental","mov","repetition","incongruent?"
"741","v","true","270","0","1","experimental","mov","repetition","incongruent?"
"733","v","true","270","0","4","experimental","mov","repetition","incongruent?"
"660","t","true","90","0","1","experimental","mov","repetition","incongruent?"
"601","t","true","90","0","1","experimental","mov","repetition","incongruent?"
"584","t","true","90","0","4","experimental","or","switch","incongruent?"
"764","v","true","270","0","4","experimental","or","repetition","incongruent?"
"591","v","true","270","0","4","experimental","mov","switch","incongruent?"
"593","t","true","90","0","4","experimental","or","switch","incongruent?"
"-1","","false","270","0","4","experimental","or","repetition","incongruent?"
"716","t","true","90","0","1","experimental","mov","switch","incongruent?"
"791","t","false","90","0","4","experimental","or","switch","incongruent?"
"722","v","true","270","0","4","experimental","or","repetition","incongruent?"
"718","t","true","90","0","1","experimental","mov","switch","incongruent?"
"693","v","true","270","0","1","experimental","or","switch","incongruent?"
"701","v","true","270","0","1","experimental","or","repetition","incongruent?"
"675","v","false","270","0","1","experimental","or","repetition","incongruent?"
"628","v","true","270","0","1","experimental","mov","switch","incongruent?"
"671","v","true","270","0","4","experimental","or","switch","incongruent?"
"658","t","true","90","0","4","experimental","mov","switch","incongruent?"
"681","t","true","90","0","4","experimental","mov","repetition","incongruent?"
"653","v","true","270","0","4","experimental","mov","repetition","incongruent?"
"644","v","false","270","0","1","experimental","or","switch","incongruent?"
"643","t","true","90","0","1","experimental","mov","switch","incongruent?"
"756","v","true","270","0","4","experimental","mov","repetition","incongruent?"
"559","v","false","270","0","4","experimental","or","switch","incongruent?"
"480","v","true","270","0","4","experimental","mov","switch","incongruent?"
"694","t","true","90","0","4","experimental","or","switch","incongruent?"
"503","t","true","90","0","4","experimental","mov","switch","incongruent?"
"734","v","true","270","0","1","experimental","or","switch","incongruent?"
"585","t","false","90","0","1","experimental","or","repetition","incongruent?"
"734","v","true","270","0","4","experimental","mov","switch","incongruent?"
"538","v","false","270","0","1","experimental","or","switch","incongruent?"
"843","v","false","270","0","4","experimental","or","repetition","incongruent?"
"593","t","true","90","0","1","experimental","mov","switch","incongruent?"
"428","t","false","90","0","1","experimental","or","switch","incongruent?"
