"rt","key_press","correct","coherent_movement_direction","coherent_orientation","stimulus_type","block_type","task_type","task_transition","congruency"
"-1","","false","90","0","4","training","or","null","incongruent?"
"866","t","false","90","0","4","training","or","repetition","incongruent?"
"653","v","true","270","0","4","training","or","repetition","incongruent?"
"549","v","false","270","0","1","training","or","repetition","incongruent?"
"590","v","true","270","0","1","training","mov","switch","incongruent?"
"531","t","true","90","0","4","training","or","switch","incongruent?"
"692","t","true","90","0","4","training","mov","switch","incongruent?"
"517","t","true","90","0","1","training","mov","repetition","incongruent?"
"473","v","true","270","0","1","training","mov","repetition","incongruent?"
"507","v","false","270","0","1","training","or","switch","incongruent?"
"641","v","true","270","0","1","training","mov","switch","incongruent?"
"587","t","true","90","0","1","training","or","switch","incongruent?"
"475","v","true","270","0","1","training","or","repetition","incongruent?"
"534","v","true","270","0","1","training","mov","switch","incongruent?"
"641","t","true","90","0","4","training","mov","repetition","incongruent?"
"489","t","true","90","0","1","training","mov","repetition","incongruent?"
"532","t","true","90","0","4","experimental","or","null","incongruent?"
"430","t","true","90","0","4","experimental","or","repetition","incongruent?"
"468","v","true","270","0","1","experimental","mov","switch","incongruent?"
"509","t","true","90","0","4","experimental","mov","repetition","incongruent?"
"460","t","true","90","0","1","experimental","mov","repetition","incongruent?"
"413","v","true","270","0","1","experimental","mov","repetition","incongruent?"
"596","v","false","270","0","4","experimental","or","switch","incongruent?"
"478","v","true","270","0","1","experimental","mov","switch","incongruent?"
"607","t","true","90","0","1","experimental","or","switch","incongruent?"
"457","v","true","270","0","1","experimental","mov","switch","incongruent?"
"451","v","true","270","0","4","experimental","or","switch","incongruent?"
"434","t","true","90","0","1","experimental","mov","switch","incongruent?"
"499","t","true","90","0","1","experimental","mov","repetition","incongruent?"
"450","v","true","270","0","4","experimental","or","switch","incongruent?"
"519","v","true","270","0","1","experimental","or","repetition","incongruent?"
"482","t","true","90","0","1","experimental","mov","switch","incongruent?"
"449","v","true","270","0","1","experimental","mov","repetition","incongruent?"
"464","v","true","270","0","4","experimental","mov","repetition","incongruent?"
"472","v","true","270","0","1","experimental","mov","repetition","incongruent?"
"545","v","true","270","0","1","experimental","mov","repetition","incongruent?"
"526","t","true","90","0","1","experimental","or","switch","incongruent?"
"475","t","true","90","0","1","experimental","mov","switch","incongruent?"
"443","v","false","270","0","4","experimental","or","switch","incongruent?"
"404","v","true","270","0","4","experimental","or","repetition","incongruent?"
"394","v","true","270","0","1","experimental","mov","switch","incongruent?"
"471","v","true","270","0","4","experimental","or","switch","incongruent?"
"522","t","true","90","0","4","experimental","mov","switch","incongruent?"
"450","v","false","270","0","1","experimental","or","switch","incongruent?"
"539","t","false","90","0","4","experimental","or","repetition","incongruent?"
"508","t","true","90","0","1","experimental","mov","switch","incongruent?"
"445","v","true","270","0","4","experimental","or","switch","incongruent?"
"470","t","true","90","0","1","experimental","mov","switch","incongruent?"
"482","t","true","90","0","4","experimental","mov","repetition","incongruent?"
"479","v","true","270","0","4","experimental","mov","repetition","incongruent?"
"477","t","false","90","0","4","experimental","or","switch","incongruent?"
"659","t","false","90","0","4","experimental","or","repetition","incongruent?"
"428","v","false","270","0","4","experimental","or","repetition","incongruent?"
"537","v","true","270","0","1","experimental","mov","switch","incongruent?"
"501","t","true","90","0","4","experimental","mov","repetition","incongruent?"
"569","t","true","90","0","1","experimental","mov","repetition","incongruent?"
"454","t","true","90","0","1","experimental","mov","repetition","incongruent?"
"501","t","false","90","0","4","experimental","or","switch","incongruent?"
"535","t","true","90","0","4","experimental","mov","switch","incongruent?"
"482","v","true","270","0","4","experimental","or","switch","incongruent?"
"564","t","false","90","0","1","experimental","or","repetition","incongruent?"
"516","v","true","270","0","4","experimental","mov","switch","incongruent?"
"543","t","true","90","0","4","experimental","mov","repetition","incongruent?"
"489","v","false","270","0","4","experimental","or","switch","incongruent?"
"548","v","false","270","0","4","experimental","or","repetition","incongruent?"
"709","t","false","90","0","4","experimental","or","repetition","incongruent?"
"533","v","true","270","0","4","experimental","mov","switch","incongruent?"
"760","t","true","90","0","4","experimental","mov","repetition","incongruent?"
"501","v","true","270","0","1","experimental","mov","repetition","incongruent?"
"508","v","true","270","0","4","experimental","mov","repetition","incongruent?"
"725","v","true","270","0","1","experimental","mov","repetition","incongruent?"
"561","v","false","270","0","4","experimental","or","switch","incongruent?"
"555","t","true","90","0","4","experimental","mov","switch","incongruent?"
"509","t","true","90","0","4","experimental","or","switch","incongruent?"
"493","t","false","90","0","4","experimental","or","repetition","incongruent?"
"562","t","true","90","0","1","experimental","mov","switch","incongruent?"
"485","t","true","90","0","1","experimental","mov","repetition","incongruent?"
"445","v","false","270","0","4","experimental","or","switch","incongruent?"
"476","t","true","90","0","1","experimental","mov","switch","incongruent?"
"535","t","true","90","0","1","experimental","mov","repetition","incongruent?"
"709","t","true","90","0","4","experimental","or","switch","incongruent?"
"519","t","false","90","0","4","experimental","or","repetition","incongruent?"
"554","v","true","270","0","4","experimental","or","repetition","incongruent?"
"518","t","true","90","0","1","experimental","mov","switch","incongruent?"
"521","t","false","90","0","4","experimental","or","switch","incongruent?"
"552","t","true","90","0","1","experimental","mov","switch","incongruent?"
"473","v","true","270","0","1","experimental","or","switch","incongruent?"
"518","t","true","90","0","4","experimental","mov","switch","incongruent?"
"461","v","true","270","0","1","experimental","or","switch","incongruent?"
"444","v","true","270","0","4","experimental","mov","switch","incongruent?"
"449","v","true","270","0","1","experimental","mov","repetition","incongruent?"
"497","t","true","90","0","1","experimental","or","switch","incongruent?"
"432","v","false","270","0","4","experimental","or","repetition","incongruent?"
"502","t","true","90","0","4","experimental","or","repetition","incongruent?"
"479","t","true","90","0","1","experimental","or","repetition","incongruent?"
"554","t","false","90","0","4","experimental","or","repetition","incongruent?"
"428","v","true","270","0","1","experimental","mov","switch","incongruent?"
"491","t","true","90","0","4","experimental","or","switch","incongruent?"
"405","t","true","90","0","4","experimental","or","repetition","incongruent?"
"418","v","false","270","0","4","experimental","or","repetition","incongruent?"
"485","v","true","270","0","1","experimental","or","repetition","incongruent?"
"488","v","true","270","0","4","experimental","mov","switch","incongruent?"
"474","v","true","270","0","4","experimental","mov","repetition","incongruent?"
"525","v","true","270","0","4","experimental","mov","repetition","incongruent?"
"524","v","false","270","0","1","experimental","or","switch","incongruent?"
"479","t","true","90","0","1","experimental","or","repetition","incongruent?"
"404","v","false","270","0","1","experimental","or","repetition","incongruent?"
"442","t","false","90","0","1","experimental","or","repetition","incongruent?"
"413","t","false","90","0","1","experimental","or","repetition","incongruent?"
"444","v","true","270","0","1","experimental","or","repetition","incongruent?"
"484","v","true","270","0","4","experimental","mov","switch","incongruent?"
"452","v","true","270","0","1","experimental","mov","repetition","incongruent?"
