"rt","key_press","correct","coherent_movement_direction","coherent_orientation","stimulus_type","block_type","task_type","task_transition","congruency"
"924","v","true","270","0","1","training","mov","null","incongruent?"
"1096","v","true","270","0","4","training","mov","repetition","incongruent?"
"748","t","true","90","0","1","training","mov","repetition","incongruent?"
"888","t","true","90","0","4","training","mov","repetition","incongruent?"
"1423","v","false","90","0","1","training","mov","repetition","incongruent?"
"892","t","true","90","0","1","training","or","switch","incongruent?"
"756","t","false","90","0","1","training","or","repetition","incongruent?"
"916","t","true","90","0","4","training","or","repetition","incongruent?"
"897","v","true","270","0","4","training","mov","switch","incongruent?"
"1516","t","false","90","0","1","training","or","switch","incongruent?"
"932","v","true","270","0","1","training","mov","switch","incongruent?"
"819","v","false","270","0","4","training","or","switch","incongruent?"
"882","t","true","90","0","1","training","mov","switch","incongruent?"
"851","v","true","270","0","1","training","or","switch","incongruent?"
"1358","t","true","270","0","1","training","or","repetition","incongruent?"
"-1","","false","270","0","4","training","or","repetition","incongruent?"
"956","v","true","270","0","4","experimental","mov","null","incongruent?"
"702","t","true","90","0","4","experimental","or","switch","incongruent?"
"904","t","true","90","0","4","experimental","mov","switch","incongruent?"
"1300","v","false","90","0","1","experimental","or","switch","incongruent?"
"1250","v","true","270","0","1","experimental","or","repetition","incongruent?"
"1956","t","false","90","0","4","experimental","or","repetition","incongruent?"
"975","v","false","270","0","4","experimental","or","repetition","incongruent?"
"1008","t","true","90","0","4","experimental","mov","switch","incongruent?"
"882","t","false","90","0","4","experimental","or","switch","incongruent?"
"858","t","true","90","0","4","experimental","mov","switch","incongruent?"
"737","v","false","270","0","1","experimental","or","switch","incongruent?"
"749","t","true","90","0","4","experimental","mov","switch","incongruent?"
"748","v","false","270","0","4","experimental","or","switch","incongruent?"
"797","t","false","90","0","1","experimental","or","repetition","incongruent?"
"717","t","true","90","0","4","experimental","mov","switch","incongruent?"
"793","t","true","90","0","1","experimental","mov","repetition","incongruent?"
"795","t","false","90","0","1","experimental","or","switch","incongruent?"
"695","v","false","270","0","4","experimental","or","repetition","incongruent?"
"817","v","true","270","0","1","experimental","mov","switch","incongruent?"
"722","t","false","90","0","1","experimental","or","switch","incongruent?"
"1021","t","true","90","0","4","experimental","or","repetition","incongruent?"
"772","t","false","90","0","4","experimental","or","repetition","incongruent?"
"646","v","true","270","0","4","experimental","mov","switch","incongruent?"
"690","t","true","90","0","4","experimental","mov","repetition","incongruent?"
"700","t","true","90","0","4","experimental","mov","repetition","incongruent?"
"675","t","false","90","0","4","experimental","or","switch","incongruent?"
"705","t","true","90","0","4","experimental","mov","switch","incongruent?"
"649","t","true","90","0","4","experimental","or","switch","incongruent?"
"788","t","true","90","0","1","experimental","or","repetition","incongruent?"
"693","v","true","270","0","4","experimental","mov","switch","incongruent?"
"850","t","true","90","0","1","experimental","mov","repetition","incongruent?"
"785","v","true","270","0","1","experimental","or","switch","incongruent?"
"967","t","false","90","0","1","experimental","or","repetition","incongruent?"
"700","v","true","270","0","1","experimental","mov","switch","incongruent?"
"821","t","true","90","0","4","experimental","mov","repetition","incongruent?"
"761","v","false","270","0","4","experimental","or","switch","incongruent?"
"884","v","true","270","0","1","experimental","mov","switch","incongruent?"
"778","v","true","270","0","1","experimental","mov","repetition","incongruent?"
"664","t","true","90","0","1","experimental","mov","repetition","incongruent?"
"1063","t","true","90","0","4","experimental","mov","repetition","incongruent?"
"735","t","true","90","0","1","experimental","mov","repetition","incongruent?"
"761","t","true","90","0","4","experimental","or","switch","incongruent?"
"653","v","true","270","0","1","experimental","mov","switch","incongruent?"
"717","t","true","90","0","4","experimental","mov","repetition","incongruent?"
"1168","v","true","270","0","1","experimental","or","switch","incongruent?"
"777","t","true","90","0","1","experimental","mov","switch","incongruent?"
"817","v","true","270","0","4","experimental","mov","repetition","incongruent?"
"1347","t","true","90","0","4","experimental","or","switch","incongruent?"
"852","v","false","270","0","1","experimental","or","repetition","incongruent?"
"651","v","true","270","0","1","experimental","or","repetition","incongruent?"
"724","v","true","270","0","1","experimental","mov","switch","incongruent?"
"706","t","true","90","0","1","experimental","or","switch","incongruent?"
"802","t","false","90","0","4","experimental","or","repetition","incongruent?"
"746","v","false","270","0","1","experimental","or","repetition","incongruent?"
"734","v","false","270","0","4","experimental","or","repetition","incongruent?"
"685","v","false","270","0","4","experimental","or","repetition","incongruent?"
"828","v","true","270","0","1","experimental","mov","switch","incongruent?"
"776","v","true","270","0","4","experimental","mov","repetition","incongruent?"
"655","v","true","270","0","4","experimental","mov","repetition","incongruent?"
"735","t","true","90","0","1","experimental","mov","repetition","incongruent?"
"867","t","true","90","0","4","experimental","mov","repetition","incongruent?"
"789","v","true","270","0","1","experimental","or","switch","incongruent?"
"926","t","true","90","0","1","experimental","mov","switch","incongruent?"
"803","v","true","270","0","4","experimental","mov","repetition","incongruent?"
"714","t","true","90","0","1","experimental","or","switch","incongruent?"
"712","t","true","90","0","4","experimental","or","repetition","incongruent?"
"707","t","true","90","0","4","experimental","mov","switch","incongruent?"
"774","v","true","270","0","1","experimental","mov","repetition","incongruent?"
"733","v","true","270","0","4","experimental","or","switch","incongruent?"
"792","v","false","270","0","1","experimental","or","repetition","incongruent?"
"708","t","false","90","0","4","experimental","or","repetition","incongruent?"
"813","v","true","270","0","4","experimental","mov","switch","incongruent?"
"925","t","false","90","0","4","experimental","or","switch","incongruent?"
"792","v","true","270","0","4","experimental","mov","switch","incongruent?"
"839","t","true","90","0","4","experimental","or","switch","incongruent?"
"806","v","false","270","0","1","experimental","or","repetition","incongruent?"
"788","v","true","270","0","1","experimental","mov","switch","incongruent?"
"734","t","true","90","0","1","experimental","or","switch","incongruent?"
"737","v","true","270","0","4","experimental","mov","switch","incongruent?"
"600","v","true","270","0","4","experimental","or","switch","incongruent?"
"581","v","true","270","0","4","experimental","or","repetition","incongruent?"
"662","v","true","270","0","4","experimental","or","repetition","incongruent?"
"906","v","false","270","0","4","experimental","or","repetition","incongruent?"
"901","v","true","270","0","1","experimental","or","repetition","incongruent?"
"890","v","true","270","0","1","experimental","mov","switch","incongruent?"
"981","t","true","90","0","1","experimental","mov","repetition","incongruent?"
"1253","t","true","90","0","4","experimental","mov","repetition","incongruent?"
"748","v","true","270","0","4","experimental","mov","repetition","incongruent?"
"692","v","true","270","0","1","experimental","mov","repetition","incongruent?"
"688","v","true","270","0","4","experimental","mov","repetition","incongruent?"
"742","t","true","90","0","1","experimental","mov","repetition","incongruent?"
"966","v","true","270","0","1","experimental","mov","repetition","incongruent?"
"742","t","false","90","0","4","experimental","or","switch","incongruent?"
"776","t","true","90","0","4","experimental","mov","switch","incongruent?"
"1023","v","true","270","0","4","experimental","or","switch","incongruent?"
"951","v","true","270","0","1","experimental","or","repetition","incongruent?"
