"rt","key_press","correct","coherent_movement_direction","coherent_orientation","stimulus_type","block_type","task_type","task_transition","congruency"
"795","t","false","90","0","1","training","or","null","incongruent?"
"633","t","true","90","0","4","training","or","repetition","incongruent?"
"704","t","true","90","0","1","training","mov","switch","incongruent?"
"451","v","true","270","0","4","training","or","switch","incongruent?"
"361","v","false","270","0","4","training","or","repetition","incongruent?"
"953","t","false","270","0","1","training","or","repetition","incongruent?"
"654","v","true","270","0","1","training","mov","switch","incongruent?"
"464","t","true","90","0","1","training","mov","repetition","incongruent?"
"568","v","false","270","0","1","training","or","switch","incongruent?"
"710","v","true","270","0","4","training","mov","switch","incongruent?"
"692","v","true","270","0","4","training","mov","repetition","incongruent?"
"462","t","true","90","0","4","training","mov","repetition","incongruent?"
"557","t","false","90","0","1","training","or","switch","incongruent?"
"564","t","true","90","0","4","training","or","repetition","incongruent?"
"524","v","true","270","0","1","training","mov","switch","incongruent?"
"515","t","true","90","0","4","training","mov","repetition","incongruent?"
"417","t","true","90","0","1","experimental","mov","null","incongruent?"
"1419","t","false","270","0","4","experimental","mov","repetition","incongruent?"
"564","t","false","90","0","4","experimental","or","switch","incongruent?"
"376","t","true","90","0","4","experimental","mov","switch","incongruent?"
"521","v","true","270","0","4","experimental","mov","repetition","incongruent?"
"391","v","true","270","0","4","experimental","mov","repetition","incongruent?"
"506","v","true","270","0","4","experimental","mov","repetition","incongruent?"
"461","t","true","90","0","4","experimental","mov","repetition","incongruent?"
"671","t","false","90","0","4","experimental","or","switch","incongruent?"
"469","v","true","270","0","1","experimental","mov","switch","incongruent?"
"530","t","true","90","0","1","experimental","or","switch","incongruent?"
"475","t","true","90","0","4","experimental","mov","switch","incongruent?"
"714","t","true","90","0","1","experimental","mov","repetition","incongruent?"
"778","t","false","90","0","1","experimental","or","switch","incongruent?"
"691","v","true","270","0","1","experimental","or","repetition","incongruent?"
"687","v","false","270","0","1","experimental","or","repetition","incongruent?"
"517","t","true","90","0","1","experimental","mov","switch","incongruent?"
"521","t","true","90","0","4","experimental","or","switch","incongruent?"
"629","t","true","90","0","1","experimental","or","repetition","incongruent?"
"444","t","true","90","0","4","experimental","mov","switch","incongruent?"
"497","v","true","270","0","1","experimental","mov","repetition","incongruent?"
"375","v","true","270","0","1","experimental","mov","repetition","incongruent?"
"533","v","true","270","0","1","experimental","or","switch","incongruent?"
"543","v","true","270","0","4","experimental","mov","switch","incongruent?"
"470","v","false","270","0","4","experimental","or","switch","incongruent?"
"907","v","true","270","0","4","experimental","or","repetition","incongruent?"
"600","v","true","270","0","1","experimental","mov","switch","incongruent?"
"526","t","false","90","0","4","experimental","or","switch","incongruent?"
"497","v","true","270","0","1","experimental","mov","switch","incongruent?"
"523","t","true","90","0","1","experimental","mov","repetition","incongruent?"
"472","v","true","270","0","1","experimental","mov","repetition","incongruent?"
"695","v","true","270","0","4","experimental","or","switch","incongruent?"
"431","v","true","270","0","1","experimental","or","repetition","incongruent?"
"619","v","false","270","0","4","experimental","or","repetition","incongruent?"
"571","t","true","90","0","1","experimental","or","repetition","incongruent?"
"510","v","true","270","0","1","experimental","mov","switch","incongruent?"
"520","t","true","90","0","1","experimental","mov","repetition","incongruent?"
"507","v","true","270","0","4","experimental","or","switch","incongruent?"
"512","t","true","90","0","4","experimental","mov","switch","incongruent?"
"412","v","true","270","0","1","experimental","or","switch","incongruent?"
"442","t","true","90","0","4","experimental","mov","switch","incongruent?"
"607","t","true","90","0","4","experimental","or","switch","incongruent?"
"459","v","true","270","0","1","experimental","or","repetition","incongruent?"
"419","t","true","90","0","4","experimental","mov","switch","incongruent?"
"444","v","true","270","0","4","experimental","mov","repetition","incongruent?"
"525","t","true","90","0","1","experimental","mov","repetition","incongruent?"
"938","t","true","90","0","1","experimental","mov","repetition","incongruent?"
"494","t","true","90","0","4","experimental","mov","repetition","incongruent?"
"442","t","false","90","0","4","experimental","or","switch","incongruent?"
"658","t","false","90","0","1","experimental","or","repetition","incongruent?"
"585","v","false","270","0","1","experimental","or","repetition","incongruent?"
"542","t","true","90","0","1","experimental","mov","switch","incongruent?"
"506","v","false","270","0","1","experimental","or","switch","incongruent?"
"532","t","false","90","0","4","experimental","or","repetition","incongruent?"
"621","v","true","270","0","1","experimental","or","repetition","incongruent?"
"495","t","true","90","0","1","experimental","mov","switch","incongruent?"
"527","t","true","90","0","1","experimental","or","switch","incongruent?"
"492","v","false","270","0","1","experimental","or","repetition","incongruent?"
"577","v","true","270","0","1","experimental","mov","switch","incongruent?"
"571","t","true","90","0","1","experimental","mov","repetition","incongruent?"
"472","t","false","90","0","1","experimental","or","switch","incongruent?"
"547","t","true","90","0","4","experimental","mov","switch","incongruent?"
"528","v","true","270","0","1","experimental","mov","repetition","incongruent?"
"548","t","true","90","0","1","experimental","mov","repetition","incongruent?"
"531","v","true","270","0","4","experimental","mov","repetition","incongruent?"
"502","v","true","270","0","4","experimental","mov","repetition","incongruent?"
"470","v","true","270","0","4","experimental","mov","repetition","incongruent?"
"570","v","false","270","0","1","experimental","or","switch","incongruent?"
"489","t","true","90","0","4","experimental","mov","switch","incongruent?"
"520","v","false","270","0","1","experimental","or","switch","incongruent?"
"455","v","true","270","0","4","experimental","or","repetition","incongruent?"
"655","v","false","270","0","1","experimental","or","repetition","incongruent?"
"441","v","true","270","0","1","experimental","or","repetition","incongruent?"
"491","t","true","90","0","1","experimental","mov","switch","incongruent?"
"478","v","true","270","0","1","experimental","mov","repetition","incongruent?"
"693","t","true","90","0","1","experimental","or","switch","incongruent?"
"665","t","true","90","0","1","experimental","mov","switch","incongruent?"
"450","v","true","270","0","1","experimental","mov","repetition","incongruent?"
"708","v","false","270","0","1","experimental","or","switch","incongruent?"
"534","t","true","90","0","1","experimental","or","repetition","incongruent?"
"482","t","false","90","0","4","experimental","or","repetition","incongruent?"
"456","t","true","90","0","4","experimental","mov","switch","incongruent?"
"467","v","true","270","0","1","experimental","or","switch","incongruent?"
"553","v","true","270","0","4","experimental","mov","switch","incongruent?"
"700","v","false","270","0","4","experimental","or","switch","incongruent?"
"669","t","true","90","0","4","experimental","or","repetition","incongruent?"
"508","v","true","270","0","4","experimental","mov","switch","incongruent?"
"536","t","false","90","0","1","experimental","or","switch","incongruent?"
"449","t","true","90","0","1","experimental","or","repetition","incongruent?"
"385","t","false","90","0","1","experimental","or","repetition","incongruent?"
"570","t","true","90","0","4","experimental","or","repetition","incongruent?"
"462","v","false","270","0","1","experimental","or","repetition","incongruent?"
"559","t","true","90","0","4","experimental","or","repetition","incongruent?"
"458","v","true","270","0","1","experimental","mov","switch","incongruent?"
"485","v","true","270","0","1","experimental","mov","repetition","incongruent?"
"494","t","false","90","0","4","experimental","or","switch","incongruent?"
