"rt","key_press","correct","coherent_movement_direction","coherent_orientation","stimulus_type","block_type","task_type","task_transition","congruency"
"-1","","false","90","0","1","training","or","null","incongruent?"
"1911","v","true","270","0","1","training","mov","switch","incongruent?"
"338","t","true","90","0","1","training","mov","repetition","incongruent?"
"597","t","true","90","0","4","training","mov","repetition","incongruent?"
"662","v","true","270","0","1","training","mov","repetition","incongruent?"
"474","v","false","270","0","1","training","or","switch","incongruent?"
"542","t","false","90","0","4","training","or","repetition","incongruent?"
"644","t","true","90","0","1","training","mov","switch","incongruent?"
"567","v","true","270","0","1","training","or","switch","incongruent?"
"604","t","true","90","0","4","training","or","repetition","incongruent?"
"572","v","true","270","0","4","training","or","repetition","incongruent?"
"583","t","true","90","0","1","training","or","repetition","incongruent?"
"480","v","true","270","0","1","training","mov","switch","incongruent?"
"536","t","true","90","0","1","training","mov","repetition","incongruent?"
"475","v","false","270","0","1","training","or","switch","incongruent?"
"479","v","true","270","0","4","training","mov","switch","incongruent?"
"452","v","false","270","0","1","experimental","or","null","incongruent?"
"1182","v","true","270","0","4","experimental","mov","switch","incongruent?"
"760","v","true","270","0","1","experimental","or","switch","incongruent?"
"578","v","true","270","0","4","experimental","mov","switch","incongruent?"
"767","t","true","90","0","1","experimental","mov","repetition","incongruent?"
"443","v","true","270","0","4","experimental","mov","repetition","incongruent?"
"467","v","false","270","0","4","experimental","or","switch","incongruent?"
"558","v","true","270","0","4","experimental","or","repetition","incongruent?"
"558","t","true","90","0","1","experimental","mov","switch","incongruent?"
"716","v","true","270","0","4","experimental","or","switch","incongruent?"
"715","t","true","90","0","4","experimental","mov","switch","incongruent?"
"508","v","true","270","0","4","experimental","mov","repetition","incongruent?"
"681","t","true","90","0","1","experimental","mov","repetition","incongruent?"
"701","v","false","90","0","4","experimental","mov","repetition","incongruent?"
"657","t","true","90","0","4","experimental","mov","repetition","incongruent?"
"560","t","true","90","0","4","experimental","mov","repetition","incongruent?"
"549","v","true","270","0","1","experimental","mov","repetition","incongruent?"
"558","v","true","270","0","4","experimental","mov","repetition","incongruent?"
"426","v","false","90","0","1","experimental","mov","repetition","incongruent?"
"587","t","true","90","0","4","experimental","mov","repetition","incongruent?"
"611","t","true","90","0","1","experimental","mov","repetition","incongruent?"
"681","t","true","90","0","1","experimental","mov","repetition","incongruent?"
"541","t","true","90","0","4","experimental","mov","repetition","incongruent?"
"564","v","true","270","0","1","experimental","or","switch","incongruent?"
"415","v","true","270","0","1","experimental","or","repetition","incongruent?"
"423","v","true","270","0","1","experimental","mov","switch","incongruent?"
"422","t","true","90","0","4","experimental","or","switch","incongruent?"
"549","v","true","270","0","1","experimental","mov","switch","incongruent?"
"574","v","false","270","0","4","experimental","or","switch","incongruent?"
"507","v","true","270","0","4","experimental","mov","switch","incongruent?"
"590","t","false","90","0","4","experimental","or","switch","incongruent?"
"703","t","false","90","0","1","experimental","or","repetition","incongruent?"
"629","v","true","270","0","4","experimental","mov","switch","incongruent?"
"603","v","true","270","0","1","experimental","mov","repetition","incongruent?"
"479","t","true","90","0","4","experimental","mov","repetition","incongruent?"
"574","t","true","90","0","4","experimental","or","switch","incongruent?"
"476","v","true","270","0","1","experimental","or","repetition","incongruent?"
"423","v","false","90","0","1","experimental","or","repetition","incongruent?"
"571","t","true","90","0","4","experimental","or","repetition","incongruent?"
"708","v","true","270","0","4","experimental","mov","switch","incongruent?"
"714","v","false","270","0","1","experimental","or","switch","incongruent?"
"653","t","true","90","0","1","experimental","mov","switch","incongruent?"
"633","v","false","270","0","4","experimental","or","switch","incongruent?"
"478","v","true","270","0","4","experimental","or","repetition","incongruent?"
"582","v","true","270","0","1","experimental","mov","switch","incongruent?"
"445","v","false","270","0","1","experimental","or","switch","incongruent?"
"552","t","false","90","0","4","experimental","or","repetition","incongruent?"
"611","t","true","90","0","1","experimental","mov","switch","incongruent?"
"691","v","false","270","0","1","experimental","or","switch","incongruent?"
"542","t","true","90","0","1","experimental","mov","switch","incongruent?"
"495","t","true","90","0","4","experimental","or","switch","incongruent?"
"727","t","true","90","0","1","experimental","or","repetition","incongruent?"
"534","t","true","90","0","4","experimental","mov","switch","incongruent?"
"543","t","true","90","0","1","experimental","mov","repetition","incongruent?"
"532","t","true","90","0","4","experimental","or","switch","incongruent?"
"598","v","true","270","0","4","experimental","mov","switch","incongruent?"
"693","t","false","90","0","1","experimental","or","switch","incongruent?"
"560","v","true","270","0","1","experimental","mov","switch","incongruent?"
"584","v","true","270","0","4","experimental","mov","repetition","incongruent?"
"526","t","false","90","0","1","experimental","or","switch","incongruent?"
"437","v","true","270","0","4","experimental","mov","switch","incongruent?"
"411","v","true","270","0","4","experimental","mov","repetition","incongruent?"
"523","t","true","90","0","4","experimental","mov","repetition","incongruent?"
"496","v","true","270","0","1","experimental","mov","repetition","incongruent?"
"552","t","false","90","0","1","experimental","or","switch","incongruent?"
"449","t","false","90","0","1","experimental","or","repetition","incongruent?"
"359","t","false","270","0","1","experimental","mov","switch","incongruent?"
"592","t","true","90","0","1","experimental","mov","repetition","incongruent?"
"530","v","true","270","0","1","experimental","or","switch","incongruent?"
"595","t","false","90","0","4","experimental","or","repetition","incongruent?"
"496","t","true","90","0","4","experimental","or","repetition","incongruent?"
"660","t","false","90","0","4","experimental","or","repetition","incongruent?"
"832","t","false","90","0","1","experimental","or","repetition","incongruent?"
"635","t","false","90","0","1","experimental","or","repetition","incongruent?"
"622","v","true","270","0","1","experimental","mov","switch","incongruent?"
"754","t","true","90","0","1","experimental","or","switch","incongruent?"
"590","v","true","270","0","1","experimental","mov","switch","incongruent?"
"592","v","false","270","0","1","experimental","or","switch","incongruent?"
"748","v","true","270","0","4","experimental","or","repetition","incongruent?"
"568","t","true","90","0","4","experimental","mov","switch","incongruent?"
"688","t","true","90","0","1","experimental","or","switch","incongruent?"
"654","v","false","270","0","4","experimental","or","repetition","incongruent?"
"518","t","false","90","0","4","experimental","or","repetition","incongruent?"
"524","v","true","270","0","1","experimental","mov","switch","incongruent?"
"435","v","false","270","0","1","experimental","or","switch","incongruent?"
"560","v","false","270","0","4","experimental","or","repetition","incongruent?"
"574","v","true","270","0","1","experimental","or","repetition","incongruent?"
"634","v","true","270","0","4","experimental","or","repetition","incongruent?"
"681","v","true","270","0","1","experimental","or","repetition","incongruent?"
"788","t","true","90","0","1","experimental","or","repetition","incongruent?"
"543","t","true","90","0","1","experimental","mov","switch","incongruent?"
"678","t","true","90","0","4","experimental","or","switch","incongruent?"
"595","v","false","270","0","1","experimental","or","repetition","incongruent?"
"541","t","true","90","0","4","experimental","mov","switch","incongruent?"
"634","v","true","270","0","1","experimental","mov","repetition","incongruent?"
"478","t","true","90","0","1","experimental","mov","repetition","incongruent?"
