"rt","key_press","correct","coherent_movement_direction","coherent_orientation","stimulus_type","block_type","task_type","task_transition","congruency"
"1302","v","true","270","0","1","training","mov","null","incongruent?"
"634","t","true","90","0","1","training","or","switch","incongruent?"
"585","t","false","90","0","1","training","or","repetition","incongruent?"
"638","v","true","270","0","4","training","mov","switch","incongruent?"
"544","v","true","270","0","4","training","mov","repetition","incongruent?"
"665","v","true","270","0","1","training","or","switch","incongruent?"
"794","v","true","270","0","1","training","or","repetition","incongruent?"
"576","v","true","270","0","4","training","mov","switch","incongruent?"
"613","t","true","90","0","1","training","mov","repetition","incongruent?"
"682","t","true","90","0","1","training","mov","repetition","incongruent?"
"531","t","false","90","0","1","training","or","switch","incongruent?"
"511","v","false","270","0","4","training","or","repetition","incongruent?"
"970","t","true","90","0","4","training","mov","switch","incongruent?"
"705","t","true","90","0","4","training","mov","repetition","incongruent?"
"666","v","false","270","0","4","training","or","switch","incongruent?"
"535","t","true","90","0","4","training","or","repetition","incongruent?"
"-1","","false","270","0","4","experimental","mov","null","incongruent?"
"647","v","true","270","0","1","experimental","or","switch","incongruent?"
"624","t","false","90","0","1","experimental","or","repetition","incongruent?"
"684","v","true","270","0","4","experimental","or","repetition","incongruent?"
"747","t","false","90","0","4","experimental","or","repetition","incongruent?"
"1090","t","true","90","0","4","experimental","mov","switch","incongruent?"
"1380","t","true","90","0","4","experimental","mov","repetition","incongruent?"
"705","v","true","270","0","4","experimental","mov","repetition","incongruent?"
"797","t","true","90","0","1","experimental","or","switch","incongruent?"
"583","v","false","270","0","1","experimental","or","repetition","incongruent?"
"1047","t","true","90","0","1","experimental","mov","switch","incongruent?"
"513","v","true","270","0","4","experimental","mov","repetition","incongruent?"
"527","v","true","270","0","4","experimental","mov","repetition","incongruent?"
"1151","t","true","90","0","1","experimental","mov","repetition","incongruent?"
"686","t","true","90","0","1","experimental","or","switch","incongruent?"
"701","t","true","90","0","1","experimental","mov","switch","incongruent?"
"633","v","true","270","0","4","experimental","mov","repetition","incongruent?"
"670","v","true","270","0","4","experimental","mov","repetition","incongruent?"
"667","v","true","270","0","4","experimental","or","switch","incongruent?"
"638","v","true","270","0","4","experimental","mov","switch","incongruent?"
"700","v","false","270","0","4","experimental","or","switch","incongruent?"
"789","v","true","270","0","1","experimental","or","repetition","incongruent?"
"503","v","true","270","0","1","experimental","or","repetition","incongruent?"
"624","v","true","270","0","4","experimental","mov","switch","incongruent?"
"735","v","true","270","0","1","experimental","mov","repetition","incongruent?"
"1169","t","false","90","0","1","experimental","or","switch","incongruent?"
"977","v","true","270","0","1","experimental","mov","switch","incongruent?"
"1593","t","false","90","0","4","experimental","or","switch","incongruent?"
"642","v","true","270","0","1","experimental","or","repetition","incongruent?"
"1194","t","false","90","0","4","experimental","or","repetition","incongruent?"
"1072","v","true","270","0","1","experimental","mov","switch","incongruent?"
"1233","t","true","90","0","4","experimental","or","switch","incongruent?"
"1311","v","false","90","0","4","experimental","mov","switch","incongruent?"
"993","v","true","270","0","1","experimental","mov","repetition","incongruent?"
"886","v","false","270","0","1","experimental","or","switch","incongruent?"
"1269","v","true","270","0","1","experimental","or","repetition","incongruent?"
"860","t","true","90","0","1","experimental","mov","switch","incongruent?"
"1647","t","false","90","0","4","experimental","or","switch","incongruent?"
"1048","v","false","90","0","4","experimental","mov","switch","incongruent?"
"1018","v","true","270","0","4","experimental","or","switch","incongruent?"
"954","v","true","270","0","4","experimental","mov","switch","incongruent?"
"753","t","true","90","0","1","experimental","mov","repetition","incongruent?"
"651","t","true","90","0","1","experimental","mov","repetition","incongruent?"
"754","v","true","270","0","1","experimental","or","switch","incongruent?"
"912","t","true","90","0","1","experimental","or","repetition","incongruent?"
"720","t","true","90","0","1","experimental","mov","switch","incongruent?"
"767","v","true","270","0","1","experimental","mov","repetition","incongruent?"
"563","t","true","90","0","1","experimental","mov","repetition","incongruent?"
"545","t","true","90","0","1","experimental","mov","repetition","incongruent?"
"603","v","false","270","0","4","experimental","or","switch","incongruent?"
"587","v","true","270","0","1","experimental","mov","switch","incongruent?"
"548","v","false","270","0","4","experimental","or","switch","incongruent?"
"673","t","true","90","0","4","experimental","or","repetition","incongruent?"
"742","t","false","90","0","1","experimental","or","repetition","incongruent?"
"654","v","true","270","0","1","experimental","or","repetition","incongruent?"
"707","t","true","90","0","4","experimental","mov","switch","incongruent?"
"1328","v","true","270","0","1","experimental","mov","repetition","incongruent?"
"674","t","true","90","0","4","experimental","mov","repetition","incongruent?"
"620","t","true","90","0","4","experimental","mov","repetition","incongruent?"
"644","v","false","270","0","4","experimental","or","switch","incongruent?"
"1101","t","true","90","0","1","experimental","mov","switch","incongruent?"
"631","v","false","270","0","4","experimental","or","switch","incongruent?"
"562","v","true","270","0","4","experimental","mov","switch","incongruent?"
"894","t","true","90","0","4","experimental","mov","repetition","incongruent?"
"507","t","true","90","0","4","experimental","mov","repetition","incongruent?"
"601","v","true","270","0","4","experimental","mov","repetition","incongruent?"
"597","t","true","90","0","4","experimental","or","switch","incongruent?"
"599","t","true","90","0","1","experimental","mov","switch","incongruent?"
"706","v","false","270","0","4","experimental","or","switch","incongruent?"
"695","t","false","90","0","1","experimental","or","repetition","incongruent?"
"599","v","true","270","0","1","experimental","mov","switch","incongruent?"
"634","t","true","90","0","1","experimental","or","switch","incongruent?"
"796","t","false","90","0","1","experimental","or","repetition","incongruent?"
"582","v","true","270","0","4","experimental","or","repetition","incongruent?"
"585","v","true","270","0","1","experimental","mov","switch","incongruent?"
"685","v","true","270","0","1","experimental","mov","repetition","incongruent?"
"596","v","true","270","0","1","experimental","or","switch","incongruent?"
"-1","","false","270","0","1","experimental","or","repetition","incongruent?"
"714","v","true","270","0","4","experimental","mov","switch","incongruent?"
"535","t","true","90","0","1","experimental","or","switch","incongruent?"
"732","v","false","270","0","1","experimental","or","repetition","incongruent?"
"1331","t","true","90","0","4","experimental","or","repetition","incongruent?"
"1730","v","false","90","0","1","experimental","or","repetition","incongruent?"
"1287","t","false","90","0","1","experimental","or","repetition","incongruent?"
"1104","v","false","90","0","1","experimental","or","repetition","incongruent?"
"1198","t","true","90","0","1","experimental","mov","switch","incongruent?"
"776","v","false","270","0","4","experimental","or","switch","incongruent?"
"721","t","true","90","0","4","experimental","mov","switch","incongruent?"
"627","t","false","90","0","1","experimental","or","switch","incongruent?"
"518","t","false","90","0","1","experimental","or","repetition","incongruent?"
"619","v","true","270","0","1","experimental","mov","switch","incongruent?"
"881","t","true","90","0","4","experimental","mov","repetition","incongruent?"
"549","t","true","90","0","4","experimental","mov","repetition","incongruent?"
"605","t","false","270","0","4","experimental","mov","repetition","incongruent?"
"630","t","true","90","0","1","experimental","or","switch","incongruent?"
"912","v","false","270","0","1","experimental","or","repetition","incongruent?"
