"rt","key_press","correct","coherent_movement_direction","coherent_orientation","stimulus_type","block_type","task_type","task_transition","congruency"
"883","t","false","90","0","1","training","or","null","incongruent?"
"760","v","true","270","0","4","training","mov","switch","incongruent?"
"615","t","true","90","0","4","training","mov","repetition","incongruent?"
"1118","t","true","90","0","1","training","or","switch","incongruent?"
"842","v","false","270","0","1","training","or","repetition","incongruent?"
"711","t","true","90","0","4","training","mov","switch","incongruent?"
"777","t","true","90","0","4","training","mov","repetition","incongruent?"
"928","t","true","90","0","1","training","mov","repetition","incongruent?"
"689","v","true","270","0","4","training","mov","repetition","incongruent?"
"773","v","false","270","0","4","training","or","switch","incongruent?"
"788","v","true","270","0","1","training","mov","switch","incongruent?"
"803","v","true","270","0","4","training","or","switch","incongruent?"
"683","t","false","90","0","1","training","or","repetition","incongruent?"
"724","v","true","270","0","1","training","or","repetition","incongruent?"
"689","t","true","90","0","4","training","or","repetition","incongruent?"
"763","v","true","270","0","4","training","mov","switch","incongruent?"
"758","v","false","270","0","1","experimental","or","null","incongruent?"
"886","v","false","270","0","4","experimental","or","repetition","incongruent?"
"793","t","true","90","0","4","experimental","or","repetition","incongruent?"
"663","v","true","270","0","1","experimental","mov","switch","incongruent?"
"711","t","true","90","0","4","experimental","mov","repetition","incongruent?"
"566","v","true","270","0","1","experimental","mov","repetition","incongruent?"
"619","v","false","270","0","4","experimental","or","switch","incongruent?"
"605","v","true","270","0","1","experimental","mov","switch","incongruent?"
"764","v","true","270","0","1","experimental","mov","repetition","incongruent?"
"582","t","true","90","0","4","experimental","mov","repetition","incongruent?"
"581","v","false","270","0","4","experimental","or","switch","incongruent?"
"627","v","true","270","0","1","experimental","mov","switch","incongruent?"
"635","t","false","90","0","4","experimental","or","switch","incongruent?"
"572","t","false","90","0","4","experimental","or","repetition","incongruent?"
"655","t","false","90","0","1","experimental","or","repetition","incongruent?"
"573","v","true","270","0","1","experimental","mov","switch","incongruent?"
"634","v","true","270","0","1","experimental","mov","repetition","incongruent?"
"699","v","true","270","0","4","experimental","or","switch","incongruent?"
"704","t","true","90","0","4","experimental","mov","switch","incongruent?"
"686","t","true","90","0","1","experimental","mov","repetition","incongruent?"
"584","v","true","270","0","4","experimental","mov","repetition","incongruent?"
"674","t","false","90","0","1","experimental","or","switch","incongruent?"
"650","v","false","270","0","4","experimental","or","repetition","incongruent?"
"719","v","false","270","0","1","experimental","or","repetition","incongruent?"
"687","t","true","90","0","4","experimental","or","repetition","incongruent?"
"804","t","true","90","0","1","experimental","or","repetition","incongruent?"
"707","t","false","90","0","4","experimental","or","repetition","incongruent?"
"726","t","true","90","0","4","experimental","mov","switch","incongruent?"
"738","v","true","270","0","1","experimental","or","switch","incongruent?"
"685","t","true","90","0","4","experimental","mov","switch","incongruent?"
"664","t","true","90","0","4","experimental","mov","repetition","incongruent?"
"684","t","true","90","0","4","experimental","or","switch","incongruent?"
"662","v","true","270","0","1","experimental","or","repetition","incongruent?"
"686","v","true","270","0","1","experimental","or","repetition","incongruent?"
"761","t","true","90","0","4","experimental","mov","switch","incongruent?"
"600","v","true","270","0","1","experimental","mov","repetition","incongruent?"
"769","v","true","270","0","4","experimental","or","switch","incongruent?"
"860","t","true","90","0","4","experimental","mov","switch","incongruent?"
"757","v","false","270","0","4","experimental","or","switch","incongruent?"
"634","t","true","90","0","1","experimental","mov","switch","incongruent?"
"656","v","false","270","0","1","experimental","or","switch","incongruent?"
"701","v","true","270","0","4","experimental","mov","switch","incongruent?"
"757","v","true","270","0","1","experimental","mov","repetition","incongruent?"
"655","t","true","90","0","4","experimental","mov","repetition","incongruent?"
"729","t","true","90","0","1","experimental","mov","repetition","incongruent?"
"694","v","true","270","0","1","experimental","mov","repetition","incongruent?"
"664","v","false","270","0","1","experimental","or","switch","incongruent?"
"859","v","false","90","0","1","experimental","mov","switch","incongruent?"
"679","t","true","90","0","4","experimental","mov","repetition","incongruent?"
"725","t","true","90","0","1","experimental","mov","repetition","incongruent?"
"603","t","false","90","0","1","experimental","or","switch","incongruent?"
"586","v","true","270","0","1","experimental","or","repetition","incongruent?"
"624","t","true","90","0","1","experimental","mov","switch","incongruent?"
"603","t","true","90","0","1","experimental","mov","repetition","incongruent?"
"605","v","true","270","0","4","experimental","mov","repetition","incongruent?"
"611","t","true","90","0","4","experimental","mov","repetition","incongruent?"
"685","v","false","270","0","1","experimental","or","switch","incongruent?"
"722","v","true","270","0","1","experimental","mov","switch","incongruent?"
"682","v","false","270","0","4","experimental","or","switch","incongruent?"
"836","t","true","90","0","4","experimental","or","repetition","incongruent?"
"828","t","false","90","0","1","experimental","or","repetition","incongruent?"
"679","t","false","90","0","1","experimental","or","repetition","incongruent?"
"656","t","true","90","0","4","experimental","mov","switch","incongruent?"
"717","t","true","90","0","1","experimental","or","switch","incongruent?"
"617","v","true","270","0","4","experimental","mov","switch","incongruent?"
"548","t","true","90","0","1","experimental","mov","repetition","incongruent?"
"682","v","true","270","0","1","experimental","or","switch","incongruent?"
"725","t","false","90","0","1","experimental","or","repetition","incongruent?"
"607","t","true","90","0","4","experimental","or","repetition","incongruent?"
"629","v","true","270","0","4","experimental","or","repetition","incongruent?"
"639","t","true","90","0","1","experimental","mov","switch","incongruent?"
"689","t","false","90","0","1","experimental","or","switch","incongruent?"
"764","v","true","270","0","4","experimental","or","repetition","incongruent?"
"729","t","false","90","0","1","experimental","or","repetition","incongruent?"
"687","v","true","270","0","1","experimental","or","repetition","incongruent?"
"637","v","true","270","0","1","experimental","mov","switch","incongruent?"
"635","t","true","90","0","4","experimental","or","switch","incongruent?"
"681","t","true","90","0","4","experimental","mov","switch","incongruent?"
"723","t","true","90","0","4","experimental","or","switch","incongruent?"
"693","v","true","270","0","4","experimental","or","repetition","incongruent?"
"616","v","true","270","0","4","experimental","mov","switch","incongruent?"
"723","t","true","90","0","4","experimental","mov","repetition","incongruent?"
"697","v","true","270","0","1","experimental","mov","repetition","incongruent?"
"738","v","false","270","0","4","experimental","or","switch","incongruent?"
"631","t","true","90","0","4","experimental","or","repetition","incongruent?"
"682","v","true","270","0","1","experimental","mov","switch","incongruent?"
"795","t","true","90","0","1","experimental","or","switch","incongruent?"
"722","v","true","270","0","1","experimental","mov","switch","incongruent?"
"741","v","true","270","0","4","experimental","or","switch","incongruent?"
"686","v","true","270","0","1","experimental","mov","switch","incongruent?"
"819","v","true","270","0","4","experimental","mov","repetition","incongruent?"
"734","v","true","270","0","1","experimental","mov","repetition","incongruent?"
"688","t","true","90","0","1","experimental","or","switch","incongruent?"
"629","t","false","90","0","1","experimental","or","repetition","incongruent?"
"613","v","true","270","0","1","experimental","mov","switch","incongruent?"
"771","t","true","90","0","4","experimental","mov","repetition","incongruent?"
