"rt","key_press","correct","coherent_movement_direction","coherent_orientation","stimulus_type","block_type","task_type","task_transition","congruency"
"967","t","false","270","0","1","training","mov","null","incongruent?"
"755","v","false","90","0","4","training","or","switch","incongruent?"
"612","v","true","270","0","1","training","mov","switch","incongruent?"
"880","v","false","270","0","1","training","or","switch","incongruent?"
"734","t","false","270","0","1","training","mov","switch","incongruent?"
"-1","","false","90","0","4","training","mov","repetition","incongruent?"
"909","t","false","270","0","4","training","mov","repetition","incongruent?"
"582","t","true","90","0","4","training","mov","repetition","incongruent?"
"1171","t","false","90","0","4","training","or","switch","incongruent?"
"874","t","true","90","0","4","training","or","repetition","incongruent?"
"399","v","true","270","0","4","training","or","repetition","incongruent?"
"922","t","true","90","0","1","training","mov","switch","incongruent?"
"1182","v","false","90","0","4","training","mov","repetition","incongruent?"
"758","v","true","270","0","4","training","or","switch","incongruent?"
"847","t","false","90","0","1","training","or","repetition","incongruent?"
"916","v","false","270","0","1","training","or","repetition","incongruent?"
"719","v","true","270","0","1","experimental","mov","null","incongruent?"
"-1","","false","270","0","4","experimental","mov","repetition","incongruent?"
"1317","t","false","90","0","1","experimental","or","switch","incongruent?"
"932","t","false","90","0","1","experimental","or","repetition","incongruent?"
"950","v","false","270","0","4","experimental","or","repetition","incongruent?"
"785","v","true","270","0","4","experimental","mov","switch","incongruent?"
"956","v","true","270","0","1","experimental","mov","repetition","incongruent?"
"473","t","true","270","0","4","experimental","or","switch","incongruent?"
"835","t","false","90","0","4","experimental","or","repetition","incongruent?"
"1739","t","true","90","0","1","experimental","mov","switch","incongruent?"
"577","v","true","270","0","4","experimental","mov","repetition","incongruent?"
"678","t","true","90","0","1","experimental","mov","repetition","incongruent?"
"960","t","true","90","0","1","experimental","or","switch","incongruent?"
"823","t","true","90","0","4","experimental","mov","switch","incongruent?"
"468","v","false","270","0","4","experimental","or","switch","incongruent?"
"765","v","true","270","0","1","experimental","mov","switch","incongruent?"
"700","v","true","270","0","4","experimental","mov","repetition","incongruent?"
"920","t","true","90","0","1","experimental","mov","repetition","incongruent?"
"805","v","true","270","0","1","experimental","or","switch","incongruent?"
"726","t","true","90","0","4","experimental","mov","switch","incongruent?"
"668","v","true","90","0","4","experimental","or","switch","incongruent?"
"547","v","true","270","0","1","experimental","mov","switch","incongruent?"
"-1","","false","90","0","4","experimental","mov","repetition","incongruent?"
"636","v","true","270","0","4","experimental","mov","repetition","incongruent?"
"518","t","true","90","0","1","experimental","mov","repetition","incongruent?"
"804","t","true","90","0","1","experimental","mov","repetition","incongruent?"
"826","v","true","270","0","1","experimental","mov","repetition","incongruent?"
"836","t","true","90","0","1","experimental","or","switch","incongruent?"
"838","t","true","90","0","1","experimental","mov","switch","incongruent?"
"512","t","false","90","0","4","experimental","or","switch","incongruent?"
"556","v","true","270","0","1","experimental","mov","switch","incongruent?"
"847","t","true","90","0","1","experimental","mov","repetition","incongruent?"
"618","v","false","270","0","4","experimental","or","switch","incongruent?"
"570","v","true","270","0","1","experimental","mov","switch","incongruent?"
"882","t","true","90","0","1","experimental","mov","repetition","incongruent?"
"635","v","false","270","0","1","experimental","or","switch","incongruent?"
"736","v","true","270","0","4","experimental","or","repetition","incongruent?"
"814","v","false","270","0","1","experimental","or","repetition","incongruent?"
"743","t","true","90","0","4","experimental","or","repetition","incongruent?"
"513","t","true","90","0","4","experimental","or","repetition","incongruent?"
"502","v","true","270","0","4","experimental","mov","switch","incongruent?"
"652","v","true","270","0","1","experimental","or","switch","incongruent?"
"757","t","false","90","0","4","experimental","or","repetition","incongruent?"
"655","t","false","90","0","1","experimental","or","repetition","incongruent?"
"710","t","true","90","0","4","experimental","mov","switch","incongruent?"
"715","v","false","270","0","4","experimental","or","switch","incongruent?"
"627","v","true","270","0","4","experimental","mov","switch","incongruent?"
"604","v","true","270","0","1","experimental","or","switch","incongruent?"
"685","v","true","270","0","4","experimental","or","repetition","incongruent?"
"801","t","true","90","0","1","experimental","mov","switch","incongruent?"
"695","v","true","270","0","4","experimental","mov","repetition","incongruent?"
"689","v","true","270","0","1","experimental","mov","repetition","incongruent?"
"649","t","true","90","0","4","experimental","mov","repetition","incongruent?"
"691","t","true","90","0","1","experimental","mov","repetition","incongruent?"
"693","t","false","90","0","1","experimental","or","switch","incongruent?"
"723","t","true","90","0","1","experimental","mov","switch","incongruent?"
"753","t","true","90","0","4","experimental","or","switch","incongruent?"
"712","v","true","270","0","4","experimental","mov","switch","incongruent?"
"784","t","false","90","0","1","experimental","or","switch","incongruent?"
"701","t","true","90","0","4","experimental","or","repetition","incongruent?"
"525","v","true","270","0","4","experimental","or","repetition","incongruent?"
"599","v","true","270","0","4","experimental","or","repetition","incongruent?"
"669","v","true","270","0","1","experimental","or","repetition","incongruent?"
"1043","t","false","270","0","4","experimental","mov","switch","incongruent?"
"1223","t","false","270","0","1","experimental","mov","repetition","incongruent?"
"559","t","true","90","0","4","experimental","mov","repetition","incongruent?"
"540","v","true","270","0","1","experimental","or","switch","incongruent?"
"543","t","true","90","0","4","experimental","mov","switch","incongruent?"
"519","v","false","270","0","1","experimental","or","switch","incongruent?"
"443","t","true","90","0","1","experimental","mov","switch","incongruent?"
"679","v","false","270","0","1","experimental","or","switch","incongruent?"
"690","v","true","270","0","4","experimental","or","repetition","incongruent?"
"718","t","true","90","0","1","experimental","mov","switch","incongruent?"
"758","t","true","90","0","1","experimental","or","switch","incongruent?"
"787","t","true","90","0","1","experimental","mov","switch","incongruent?"
"496","v","true","270","0","1","experimental","mov","repetition","incongruent?"
"720","v","false","270","0","1","experimental","or","switch","incongruent?"
"611","t","true","90","0","1","experimental","or","repetition","incongruent?"
"617","v","true","270","0","4","experimental","mov","switch","incongruent?"
"782","t","true","90","0","1","experimental","mov","repetition","incongruent?"
"781","t","true","90","0","1","experimental","or","switch","incongruent?"
"816","t","true","90","0","4","experimental","or","repetition","incongruent?"
"1145","v","true","270","0","4","experimental","mov","switch","incongruent?"
"643","t","true","90","0","4","experimental","mov","repetition","incongruent?"
"677","v","true","270","0","4","experimental","mov","repetition","incongruent?"
"743","v","true","270","0","4","experimental","mov","repetition","incongruent?"
"551","t","false","90","0","1","experimental","or","switch","incongruent?"
"737","t","false","90","0","1","experimental","or","repetition","incongruent?"
"671","t","true","90","0","1","experimental","mov","switch","incongruent?"
"471","v","false","270","0","4","experimental","or","switch","incongruent?"
"598","t","true","90","0","4","experimental","or","repetition","incongruent?"
"656","t","false","90","0","1","experimental","or","repetition","incongruent?"
"511","v","false","270","0","1","experimental","or","repetition","incongruent?"
"799","v","true","270","0","4","experimental","or","repetition","incongruent?"
"777","t","true","90","0","4","experimental","or","repetition","incongruent?"
"559","v","true","270","0","4","experimental","or","repetition","incongruent?"
