"rt","key_press","correct","coherent_movement_direction","coherent_orientation","stimulus_type","block_type","task_type","task_transition","congruency"
"-1","","false","270","0","4","training","or","null","incongruent?"
"859","v","false","90","0","4","training","mov","switch","incongruent?"
"620","t","true","90","0","4","training","mov","repetition","incongruent?"
"788","v","true","270","0","1","training","mov","repetition","incongruent?"
"771","v","false","270","0","1","training","or","switch","incongruent?"
"779","v","false","270","0","4","training","or","repetition","incongruent?"
"1292","v","true","270","0","4","training","mov","switch","incongruent?"
"682","t","false","90","0","4","training","or","switch","incongruent?"
"725","v","true","270","0","4","training","or","repetition","incongruent?"
"968","t","false","90","0","1","training","or","repetition","incongruent?"
"620","v","true","270","0","1","training","mov","switch","incongruent?"
"1019","t","true","90","0","1","training","mov","repetition","incongruent?"
"689","v","true","270","0","4","training","mov","repetition","incongruent?"
"701","t","true","90","0","4","training","or","switch","incongruent?"
"894","t","true","90","0","4","training","or","repetition","incongruent?"
"611","t","true","90","0","1","training","mov","switch","incongruent?"
"-1","","false","270","0","4","experimental","mov","null","incongruent?"
"796","t","true","90","0","1","experimental","or","switch","incongruent?"
"672","v","true","270","0","4","experimental","or","repetition","incongruent?"
"791","v","false","270","0","1","experimental","or","repetition","incongruent?"
"581","t","true","90","0","4","experimental","mov","switch","incongruent?"
"983","t","true","90","0","1","experimental","mov","repetition","incongruent?"
"824","v","false","270","0","1","experimental","or","switch","incongruent?"
"1048","t","false","90","0","1","experimental","or","repetition","incongruent?"
"1014","t","true","90","0","4","experimental","mov","switch","incongruent?"
"739","v","true","270","0","4","experimental","mov","repetition","incongruent?"
"836","v","false","270","0","4","experimental","or","switch","incongruent?"
"705","t","false","90","0","1","experimental","or","repetition","incongruent?"
"645","t","false","90","0","1","experimental","or","repetition","incongruent?"
"696","v","true","270","0","1","experimental","mov","switch","incongruent?"
"629","v","true","270","0","1","experimental","mov","repetition","incongruent?"
"683","v","true","270","0","4","experimental","mov","repetition","incongruent?"
"616","v","true","270","0","4","experimental","or","switch","incongruent?"
"897","t","true","90","0","1","experimental","mov","switch","incongruent?"
"1720","t","true","90","0","1","experimental","mov","repetition","incongruent?"
"704","v","true","270","0","4","experimental","mov","repetition","incongruent?"
"997","v","true","270","0","4","experimental","mov","repetition","incongruent?"
"1014","t","true","90","0","1","experimental","mov","repetition","incongruent?"
"801","t","true","90","0","4","experimental","or","switch","incongruent?"
"924","t","true","90","0","1","experimental","mov","switch","incongruent?"
"1042","t","true","90","0","1","experimental","or","switch","incongruent?"
"775","v","false","270","0","1","experimental","or","repetition","incongruent?"
"867","t","true","90","0","4","experimental","or","repetition","incongruent?"
"624","t","true","90","0","4","experimental","or","repetition","incongruent?"
"641","v","true","270","0","4","experimental","or","repetition","incongruent?"
"752","v","true","270","0","4","experimental","mov","switch","incongruent?"
"885","v","true","270","0","4","experimental","mov","repetition","incongruent?"
"799","v","true","270","0","1","experimental","mov","repetition","incongruent?"
"623","v","false","270","0","4","experimental","or","switch","incongruent?"
"1940","t","true","90","0","4","experimental","or","repetition","incongruent?"
"734","t","true","90","0","4","experimental","or","repetition","incongruent?"
"1152","t","false","90","0","1","experimental","or","repetition","incongruent?"
"759","t","false","90","0","4","experimental","or","repetition","incongruent?"
"639","v","true","270","0","1","experimental","mov","switch","incongruent?"
"713","t","false","90","0","4","experimental","or","switch","incongruent?"
"1215","t","true","90","0","4","experimental","mov","switch","incongruent?"
"1745","v","false","90","0","4","experimental","or","switch","incongruent?"
"889","t","true","90","0","1","experimental","mov","switch","incongruent?"
"831","t","true","90","0","1","experimental","mov","repetition","incongruent?"
"725","v","true","270","0","4","experimental","mov","repetition","incongruent?"
"914","v","true","270","0","4","experimental","mov","repetition","incongruent?"
"626","t","true","90","0","1","experimental","mov","repetition","incongruent?"
"1147","v","true","270","0","4","experimental","mov","repetition","incongruent?"
"725","v","true","270","0","1","experimental","or","switch","incongruent?"
"655","v","true","270","0","1","experimental","mov","switch","incongruent?"
"624","v","true","270","0","4","experimental","mov","repetition","incongruent?"
"678","v","true","270","0","1","experimental","mov","repetition","incongruent?"
"1165","t","true","90","0","1","experimental","mov","repetition","incongruent?"
"1378","v","true","270","0","1","experimental","or","switch","incongruent?"
"1500","t","true","90","0","1","experimental","or","repetition","incongruent?"
"711","v","false","270","0","4","experimental","or","repetition","incongruent?"
"656","v","true","270","0","1","experimental","mov","switch","incongruent?"
"1757","t","true","90","0","1","experimental","mov","repetition","incongruent?"
"1222","t","true","90","0","1","experimental","mov","repetition","incongruent?"
"1222","v","true","270","0","1","experimental","or","switch","incongruent?"
"629","v","true","270","0","1","experimental","mov","switch","incongruent?"
"795","v","true","270","0","1","experimental","mov","repetition","incongruent?"
"1206","v","true","270","0","4","experimental","or","switch","incongruent?"
"998","v","false","270","0","1","experimental","or","repetition","incongruent?"
"911","t","true","90","0","1","experimental","mov","switch","incongruent?"
"1481","t","false","90","0","4","experimental","or","switch","incongruent?"
"696","v","false","270","0","1","experimental","or","repetition","incongruent?"
"1994","t","true","90","0","1","experimental","mov","switch","incongruent?"
"820","t","false","90","0","4","experimental","or","switch","incongruent?"
"698","t","true","90","0","1","experimental","mov","switch","incongruent?"
"987","t","true","90","0","1","experimental","mov","repetition","incongruent?"
"656","v","false","270","0","4","experimental","or","switch","incongruent?"
"983","t","true","90","0","4","experimental","or","repetition","incongruent?"
"753","v","false","270","0","4","experimental","or","repetition","incongruent?"
"1023","t","true","90","0","1","experimental","mov","switch","incongruent?"
"952","t","false","90","0","1","experimental","or","switch","incongruent?"
"813","v","true","270","0","4","experimental","mov","switch","incongruent?"
"-1","","false","90","0","4","experimental","mov","repetition","incongruent?"
"1215","t","true","90","0","4","experimental","or","switch","incongruent?"
"745","v","true","270","0","1","experimental","or","repetition","incongruent?"
"1152","t","true","90","0","4","experimental","mov","switch","incongruent?"
"1074","t","true","90","0","1","experimental","or","switch","incongruent?"
"677","v","true","270","0","4","experimental","mov","switch","incongruent?"
"660","v","true","270","0","1","experimental","mov","repetition","incongruent?"
"719","v","false","270","0","1","experimental","or","switch","incongruent?"
"1015","t","false","90","0","1","experimental","or","repetition","incongruent?"
"791","t","true","90","0","4","experimental","mov","switch","incongruent?"
"820","t","false","90","0","1","experimental","or","switch","incongruent?"
"613","v","true","270","0","1","experimental","or","repetition","incongruent?"
"599","v","true","270","0","1","experimental","or","repetition","incongruent?"
"839","t","false","90","0","4","experimental","or","repetition","incongruent?"
"657","t","true","90","0","4","experimental","mov","switch","incongruent?"
"614","v","false","270","0","4","experimental","or","switch","incongruent?"
"704","t","true","90","0","1","experimental","mov","switch","incongruent?"
"573","v","true","270","0","4","experimental","or","switch","incongruent?"
"766","v","true","270","0","1","experimental","mov","switch","incongruent?"
"1030","v","true","270","0","1","experimental","or","switch","incongruent?"
