"rt","key_press","correct","coherent_movement_direction","coherent_orientation","stimulus_type","block_type","task_type","task_transition","congruency"
"-1","","false","270","0","1","training","or","null","incongruent?"
"1038","v","false","270","0","4","training","or","repetition","incongruent?"
"956","t","false","90","0","1","training","or","repetition","incongruent?"
"782","t","true","90","0","4","training","mov","switch","incongruent?"
"-1","","false","90","0","1","training","or","switch","incongruent?"
"685","v","true","270","0","1","training","mov","switch","incongruent?"
"618","t","true","90","0","1","training","mov","repetition","incongruent?"
"892","t","true","90","0","1","training","or","switch","incongruent?"
"630","v","true","270","0","4","training","mov","switch","incongruent?"
"626","v","true","270","0","4","training","mov","repetition","incongruent?"
"746","v","true","270","0","4","training","mov","repetition","incongruent?"
"759","t","true","90","0","1","training","or","switch","incongruent?"
"884","v","false","270","0","4","training","or","repetition","incongruent?"
"944","v","true","270","0","4","training","or","repetition","incongruent?"
"671","t","true","90","0","4","training","mov","switch","incongruent?"
"731","t","true","90","0","1","training","mov","repetition","incongruent?"
"554","v","true","270","0","1","experimental","mov","null","incongruent?"
"-1","","false","270","0","1","experimental","or","switch","incongruent?"
"1076","t","false","90","0","4","experimental","or","repetition","incongruent?"
"-1","","false","90","0","1","experimental","or","repetition","incongruent?"
"-1","","false","90","0","1","experimental","or","repetition","incongruent?"
"-1","","false","270","0","1","experimental","or","repetition","incongruent?"
"670","v","true","270","0","4","experimental","mov","switch","incongruent?"
"724","t","false","90","0","4","experimental","or","switch","incongruent?"
"727","v","true","270","0","4","experimental","mov","switch","incongruent?"
"1118","t","true","90","0","4","experimental","or","switch","incongruent?"
"907","t","true","90","0","1","experimental","mov","switch","incongruent?"
"-1","","false","270","0","4","experimental","or","switch","incongruent?"
"644","v","true","270","0","4","experimental","mov","switch","incongruent?"
"833","t","true","90","0","4","experimental","mov","repetition","incongruent?"
"955","t","true","90","0","4","experimental","mov","repetition","incongruent?"
"1071","t","true","90","0","1","experimental","or","switch","incongruent?"
"-1","","false","270","0","1","experimental","or","repetition","incongruent?"
"-1","","false","90","0","1","experimental","or","repetition","incongruent?"
"751","t","true","90","0","1","experimental","mov","switch","incongruent?"
"1036","v","true","270","0","4","experimental","or","switch","incongruent?"
"1031","v","true","270","0","4","experimental","or","repetition","incongruent?"
"906","v","true","270","0","1","experimental","mov","switch","incongruent?"
"-1","","false","90","0","4","experimental","or","switch","incongruent?"
"849","v","true","270","0","1","experimental","mov","switch","incongruent?"
"972","v","false","270","0","1","experimental","or","switch","incongruent?"
"964","t","true","90","0","4","experimental","mov","switch","incongruent?"
"-1","","false","270","0","1","experimental","or","switch","incongruent?"
"852","t","true","90","0","1","experimental","mov","switch","incongruent?"
"730","v","true","270","0","4","experimental","mov","repetition","incongruent?"
"853","t","false","90","0","1","experimental","or","switch","incongruent?"
"-1","","false","90","0","4","experimental","or","repetition","incongruent?"
"752","t","true","90","0","1","experimental","mov","switch","incongruent?"
"836","t","true","90","0","1","experimental","mov","repetition","incongruent?"
"825","t","true","90","0","1","experimental","mov","repetition","incongruent?"
"831","v","false","270","0","1","experimental","or","switch","incongruent?"
"942","t","true","90","0","4","experimental","or","repetition","incongruent?"
"-1","","false","270","0","1","experimental","or","repetition","incongruent?"
"-1","","false","90","0","4","experimental","or","repetition","incongruent?"
"-1","","false","270","0","4","experimental","or","repetition","incongruent?"
"806","t","true","90","0","1","experimental","mov","switch","incongruent?"
"942","v","false","270","0","1","experimental","or","switch","incongruent?"
"947","v","true","270","0","1","experimental","mov","switch","incongruent?"
"1008","t","true","90","0","1","experimental","mov","repetition","incongruent?"
"996","v","true","270","0","4","experimental","mov","repetition","incongruent?"
"925","t","true","90","0","4","experimental","mov","repetition","incongruent?"
"-1","","false","270","0","4","experimental","or","switch","incongruent?"
"836","v","true","270","0","4","experimental","mov","switch","incongruent?"
"940","t","true","90","0","1","experimental","mov","repetition","incongruent?"
"895","t","true","90","0","4","experimental","mov","repetition","incongruent?"
"973","v","true","270","0","4","experimental","mov","repetition","incongruent?"
"1037","v","true","270","0","4","experimental","mov","repetition","incongruent?"
"930","t","true","90","0","1","experimental","mov","repetition","incongruent?"
"979","t","true","90","0","4","experimental","mov","repetition","incongruent?"
"-1","","false","270","0","4","experimental","or","switch","incongruent?"
"1277","t","true","90","0","1","experimental","or","repetition","incongruent?"
"1052","v","true","270","0","1","experimental","mov","switch","incongruent?"
"1191","v","true","270","0","4","experimental","mov","repetition","incongruent?"
"1061","v","true","270","0","4","experimental","mov","repetition","incongruent?"
"994","t","true","90","0","4","experimental","mov","repetition","incongruent?"
"1067","t","true","90","0","1","experimental","mov","repetition","incongruent?"
"1023","v","true","270","0","1","experimental","mov","repetition","incongruent?"
"-1","","false","270","0","4","experimental","or","switch","incongruent?"
"921","v","true","270","0","4","experimental","or","repetition","incongruent?"
"832","t","false","90","0","4","experimental","or","repetition","incongruent?"
"-1","","false","270","0","1","experimental","or","repetition","incongruent?"
"1117","v","true","270","0","4","experimental","or","repetition","incongruent?"
"822","t","true","90","0","1","experimental","mov","switch","incongruent?"
"-1","","false","90","0","1","experimental","or","switch","incongruent?"
"1038","v","true","270","0","1","experimental","mov","switch","incongruent?"
"1063","v","true","270","0","4","experimental","mov","repetition","incongruent?"
"1121","v","true","270","0","4","experimental","mov","repetition","incongruent?"
"1209","v","false","270","0","4","experimental","or","switch","incongruent?"
"-1","","false","90","0","4","experimental","or","repetition","incongruent?"
"767","v","true","270","0","1","experimental","mov","switch","incongruent?"
"1083","v","false","270","0","1","experimental","or","switch","incongruent?"
"797","t","true","90","0","1","experimental","mov","switch","incongruent?"
"-1","","false","270","0","4","experimental","or","switch","incongruent?"
"644","v","true","270","0","4","experimental","mov","switch","incongruent?"
"-1","","false","90","0","1","experimental","or","switch","incongruent?"
"-1","","false","90","0","4","experimental","or","repetition","incongruent?"
"771","t","true","90","0","4","experimental","mov","switch","incongruent?"
"804","t","true","90","0","1","experimental","mov","repetition","incongruent?"
"859","v","true","270","0","1","experimental","mov","repetition","incongruent?"
"-1","","false","90","0","4","experimental","or","switch","incongruent?"
"1021","t","false","90","0","1","experimental","or","repetition","incongruent?"
"911","v","true","270","0","1","experimental","mov","switch","incongruent?"
"1045","v","true","270","0","1","experimental","or","switch","incongruent?"
"1389","t","false","90","0","4","experimental","or","repetition","incongruent?"
"-1","","false","90","0","4","experimental","or","repetition","incongruent?"
"888","t","true","90","0","1","experimental","mov","switch","incongruent?"
"1146","t","true","90","0","1","experimental","or","switch","incongruent?"
"-1","","false","90","0","1","experimental","or","repetition","incongruent?"
"656","v","true","270","0","1","experimental","mov","switch","incongruent?"
"700","t","true","90","0","4","experimental","mov","repetition","incongruent?"
"-1","","false","270","0","4","experimental","or","switch","incongruent?"
"-1","","false","270","0","4","experimental","or","repetition","incongruent?"
