"rt","key_press","correct","coherent_movement_direction","coherent_orientation","stimulus_type","block_type","task_type","task_transition","congruency"
"1364","v","false","270","0","1","training","or","null","incongruent?"
"1194","v","false","270","0","1","training","or","repetition","incongruent?"
"1851","t","false","270","0","4","training","mov","switch","incongruent?"
"1668","t","false","270","0","1","training","mov","repetition","incongruent?"
"1485","v","false","90","0","4","training","or","switch","incongruent?"
"1507","t","true","90","0","4","training","mov","switch","incongruent?"
"982","t","true","90","0","1","training","mov","repetition","incongruent?"
"1057","v","true","270","0","1","training","mov","repetition","incongruent?"
"835","t","false","90","0","4","training","or","switch","incongruent?"
"1685","v","false","90","0","1","training","or","repetition","incongruent?"
"900","v","true","270","0","4","training","mov","switch","incongruent?"
"908","v","true","270","0","4","training","or","switch","incongruent?"
"884","t","false","90","0","4","training","or","repetition","incongruent?"
"1359","v","true","270","0","1","training","or","repetition","incongruent?"
"-1","","false","90","0","4","training","mov","switch","incongruent?"
"1086","t","true","90","0","4","training","mov","repetition","incongruent?"
"1047","t","true","90","0","1","experimental","or","null","incongruent?"
"755","v","true","270","0","1","experimental","mov","switch","incongruent?"
"839","t","false","90","0","1","experimental","or","switch","incongruent?"
"970","t","false","90","0","4","experimental","or","repetition","incongruent?"
"1152","v","true","270","0","1","experimental","mov","switch","incongruent?"
"1420","t","true","270","0","4","experimental","or","switch","incongruent?"
"776","t","true","90","0","1","experimental","mov","switch","incongruent?"
"873","t","true","90","0","1","experimental","mov","repetition","incongruent?"
"672","t","false","90","0","1","experimental","or","switch","incongruent?"
"782","t","true","90","0","4","experimental","mov","switch","incongruent?"
"744","v","true","270","0","1","experimental","or","switch","incongruent?"
"708","t","true","90","0","4","experimental","or","repetition","incongruent?"
"1032","t","true","90","0","4","experimental","mov","switch","incongruent?"
"993","v","false","270","0","1","experimental","or","switch","incongruent?"
"1125","t","true","90","0","4","experimental","mov","switch","incongruent?"
"1191","v","true","270","0","4","experimental","mov","repetition","incongruent?"
"845","t","false","270","0","4","experimental","mov","repetition","incongruent?"
"893","v","true","270","0","1","experimental","or","switch","incongruent?"
"719","v","true","270","0","1","experimental","or","repetition","incongruent?"
"703","v","true","270","0","4","experimental","mov","switch","incongruent?"
"850","v","true","270","0","1","experimental","mov","repetition","incongruent?"
"1151","v","true","270","0","1","experimental","mov","repetition","incongruent?"
"815","t","true","90","0","1","experimental","mov","repetition","incongruent?"
"976","t","true","90","0","4","experimental","mov","repetition","incongruent?"
"984","v","false","270","0","1","experimental","or","switch","incongruent?"
"1527","t","false","270","0","1","experimental","mov","switch","incongruent?"
"1400","t","false","270","0","1","experimental","mov","repetition","incongruent?"
"942","t","true","90","0","4","experimental","mov","repetition","incongruent?"
"1458","t","true","90","0","1","experimental","mov","repetition","incongruent?"
"-1","","false","270","0","4","experimental","mov","repetition","incongruent?"
"772","t","true","90","0","1","experimental","mov","repetition","incongruent?"
"771","t","false","90","0","4","experimental","or","switch","incongruent?"
"717","v","true","270","0","1","experimental","or","repetition","incongruent?"
"752","v","true","270","0","1","experimental","mov","switch","incongruent?"
"687","v","true","270","0","4","experimental","mov","repetition","incongruent?"
"1257","v","false","270","0","1","experimental","or","switch","incongruent?"
"863","v","false","270","0","1","experimental","or","repetition","incongruent?"
"742","t","false","90","0","1","experimental","or","repetition","incongruent?"
"1098","v","true","270","0","4","experimental","mov","switch","incongruent?"
"1304","t","false","270","0","1","experimental","mov","repetition","incongruent?"
"-1","","false","90","0","1","experimental","mov","repetition","incongruent?"
"936","t","true","90","0","1","experimental","or","switch","incongruent?"
"1360","t","true","90","0","4","experimental","mov","switch","incongruent?"
"1394","v","false","90","0","1","experimental","or","switch","incongruent?"
"1774","v","false","90","0","4","experimental","mov","switch","incongruent?"
"1741","t","false","270","0","1","experimental","mov","repetition","incongruent?"
"850","t","true","90","0","4","experimental","or","switch","incongruent?"
"-1","","false","90","0","1","experimental","or","repetition","incongruent?"
"854","v","true","270","0","4","experimental","mov","switch","incongruent?"
"1021","v","false","270","0","4","experimental","or","switch","incongruent?"
"1151","v","true","270","0","1","experimental","or","repetition","incongruent?"
"-1","","false","90","0","1","experimental","mov","switch","incongruent?"
"894","t","true","90","0","4","experimental","mov","repetition","incongruent?"
"1534","t","false","270","0","1","experimental","mov","repetition","incongruent?"
"1274","v","false","90","0","1","experimental","mov","repetition","incongruent?"
"1062","v","true","90","0","1","experimental","or","switch","incongruent?"
"1341","t","true","270","0","4","experimental","or","repetition","incongruent?"
"1421","t","false","270","0","1","experimental","or","repetition","incongruent?"
"1192","t","false","270","0","1","experimental","or","repetition","incongruent?"
"1769","t","false","270","0","1","experimental","mov","switch","incongruent?"
"1057","v","false","90","0","1","experimental","mov","repetition","incongruent?"
"1388","t","false","270","0","1","experimental","or","switch","incongruent?"
"1660","t","true","270","0","4","experimental","or","repetition","incongruent?"
"1132","v","false","90","0","4","experimental","or","repetition","incongruent?"
"-1","","false","270","0","1","experimental","or","repetition","incongruent?"
"1570","t","false","270","0","4","experimental","mov","switch","incongruent?"
"985","v","true","90","0","1","experimental","or","switch","incongruent?"
"-1","","false","90","0","4","experimental","mov","switch","incongruent?"
"1089","v","false","270","0","1","experimental","or","switch","incongruent?"
"710","v","true","270","0","1","experimental","mov","switch","incongruent?"
"826","t","true","90","0","1","experimental","or","switch","incongruent?"
"1561","v","false","270","0","4","experimental","or","repetition","incongruent?"
"1043","v","true","270","0","4","experimental","mov","switch","incongruent?"
"1128","v","true","270","0","1","experimental","or","switch","incongruent?"
"-1","","false","270","0","4","experimental","mov","switch","incongruent?"
"743","t","true","90","0","1","experimental","mov","repetition","incongruent?"
"1334","v","false","90","0","1","experimental","mov","repetition","incongruent?"
"1120","v","false","90","0","4","experimental","mov","repetition","incongruent?"
"1005","t","true","90","0","4","experimental","or","switch","incongruent?"
"1176","t","false","90","0","1","experimental","or","repetition","incongruent?"
"1368","t","true","90","0","1","experimental","or","repetition","incongruent?"
"1519","t","true","270","0","4","experimental","or","repetition","incongruent?"
"1247","v","false","90","0","1","experimental","mov","switch","incongruent?"
"1735","t","true","90","0","1","experimental","or","switch","incongruent?"
"1999","t","false","270","0","1","experimental","or","repetition","incongruent?"
"-1","","false","90","0","4","experimental","or","repetition","incongruent?"
"724","v","true","270","0","1","experimental","mov","switch","incongruent?"
"774","t","false","90","0","1","experimental","or","switch","incongruent?"
"770","t","true","90","0","1","experimental","or","repetition","incongruent?"
"1140","v","false","90","0","1","experimental","or","repetition","incongruent?"
"1318","t","true","270","0","4","experimental","or","repetition","incongruent?"
"1762","v","false","90","0","1","experimental","mov","switch","incongruent?"
"1445","t","false","90","0","1","experimental","or","switch","incongruent?"
"1045","v","true","270","0","1","experimental","or","repetition","incongruent?"
"835","v","true","270","0","1","experimental","mov","switch","incongruent?"
"853","t","true","90","0","4","experimental","mov","repetition","incongruent?"
