"rt","key_press","correct","coherent_movement_direction","coherent_orientation","stimulus_type","block_type","task_type","task_transition","congruency"
"1061","v","true","270","0","1","training","or","null","incongruent?"
"843","t","true","90","0","4","training","mov","switch","incongruent?"
"988","v","false","270","0","4","training","or","switch","incongruent?"
"1309","t","false","90","0","1","training","or","repetition","incongruent?"
"818","t","true","90","0","1","training","or","repetition","incongruent?"
"910","t","false","90","0","1","training","or","repetition","incongruent?"
"1299","v","false","90","0","4","training","mov","switch","incongruent?"
"940","v","true","270","0","1","training","or","switch","incongruent?"
"1179","t","true","90","0","4","training","or","repetition","incongruent?"
"1047","v","false","90","0","4","training","mov","switch","incongruent?"
"899","v","false","270","0","4","training","or","switch","incongruent?"
"1385","v","true","270","0","4","training","mov","switch","incongruent?"
"1069","t","false","270","0","1","training","mov","repetition","incongruent?"
"919","v","true","270","0","4","training","mov","repetition","incongruent?"
"1175","v","true","270","0","4","training","mov","repetition","incongruent?"
"890","t","true","90","0","1","training","mov","repetition","incongruent?"
"948","v","true","270","0","4","experimental","mov","null","incongruent?"
"994","v","true","270","0","1","experimental","mov","repetition","incongruent?"
"1152","v","true","270","0","4","experimental","mov","repetition","incongruent?"
"1286","t","true","90","0","1","experimental","mov","repetition","incongruent?"
"1035","t","true","90","0","4","experimental","or","switch","incongruent?"
"1116","v","true","270","0","1","experimental","mov","switch","incongruent?"
"932","t","true","90","0","4","experimental","or","switch","incongruent?"
"967","t","true","90","0","4","experimental","mov","switch","incongruent?"
"865","t","false","90","0","4","experimental","or","switch","incongruent?"
"996","v","false","90","0","1","experimental","or","repetition","incongruent?"
"1099","v","true","270","0","4","experimental","or","repetition","incongruent?"
"990","v","true","270","0","1","experimental","or","repetition","incongruent?"
"1543","t","true","270","0","1","experimental","or","repetition","incongruent?"
"900","v","false","270","0","4","experimental","or","repetition","incongruent?"
"921","t","true","90","0","4","experimental","mov","switch","incongruent?"
"659","t","false","90","0","4","experimental","or","switch","incongruent?"
"866","v","true","270","0","4","experimental","mov","switch","incongruent?"
"788","v","true","270","0","4","experimental","mov","repetition","incongruent?"
"917","t","true","90","0","4","experimental","or","switch","incongruent?"
"894","v","true","270","0","1","experimental","mov","switch","incongruent?"
"1045","v","false","270","0","4","experimental","or","switch","incongruent?"
"1000","t","false","90","0","1","experimental","or","repetition","incongruent?"
"-1","","false","270","0","4","experimental","mov","switch","incongruent?"
"1547","t","false","90","0","1","experimental","or","switch","incongruent?"
"747","v","false","270","0","4","experimental","or","repetition","incongruent?"
"1143","v","true","270","0","4","experimental","or","repetition","incongruent?"
"1230","v","true","270","0","4","experimental","mov","switch","incongruent?"
"966","t","true","90","0","4","experimental","or","switch","incongruent?"
"800","v","true","270","0","4","experimental","mov","switch","incongruent?"
"1067","v","false","270","0","1","experimental","or","switch","incongruent?"
"1265","t","true","90","0","1","experimental","mov","switch","incongruent?"
"1665","t","false","90","0","4","experimental","or","switch","incongruent?"
"897","v","true","270","0","4","experimental","mov","switch","incongruent?"
"828","t","true","90","0","1","experimental","or","switch","incongruent?"
"1065","v","true","270","0","4","experimental","mov","switch","incongruent?"
"869","t","false","90","0","4","experimental","or","switch","incongruent?"
"688","t","true","90","0","4","experimental","mov","switch","incongruent?"
"853","v","true","270","0","1","experimental","mov","repetition","incongruent?"
"1498","v","true","270","0","4","experimental","mov","repetition","incongruent?"
"1148","t","true","270","0","1","experimental","or","switch","incongruent?"
"1053","t","false","270","0","1","experimental","mov","switch","incongruent?"
"1478","t","true","90","0","4","experimental","mov","repetition","incongruent?"
"-1","","false","90","0","4","experimental","mov","repetition","incongruent?"
"878","v","true","90","0","1","experimental","or","switch","incongruent?"
"1050","v","true","270","0","4","experimental","or","repetition","incongruent?"
"598","t","true","90","0","4","experimental","mov","switch","incongruent?"
"1093","t","true","90","0","1","experimental","or","switch","incongruent?"
"1195","v","false","270","0","4","experimental","or","repetition","incongruent?"
"617","t","true","90","0","1","experimental","mov","switch","incongruent?"
"670","t","true","90","0","4","experimental","mov","repetition","incongruent?"
"771","v","true","270","0","4","experimental","or","switch","incongruent?"
"804","t","true","90","0","4","experimental","mov","switch","incongruent?"
"612","v","false","270","0","1","experimental","or","switch","incongruent?"
"768","v","false","270","0","4","experimental","or","repetition","incongruent?"
"862","v","true","270","0","4","experimental","or","repetition","incongruent?"
"1356","t","false","270","0","1","experimental","mov","switch","incongruent?"
"667","v","true","270","0","4","experimental","mov","repetition","incongruent?"
"954","v","true","270","0","4","experimental","mov","repetition","incongruent?"
"816","t","true","90","0","4","experimental","mov","repetition","incongruent?"
"1010","v","true","270","0","1","experimental","mov","repetition","incongruent?"
"778","t","true","90","0","4","experimental","mov","repetition","incongruent?"
"849","t","true","90","0","4","experimental","mov","repetition","incongruent?"
"1483","t","true","90","0","4","experimental","or","switch","incongruent?"
"1062","v","true","270","0","1","experimental","mov","switch","incongruent?"
"1211","v","true","270","0","1","experimental","mov","repetition","incongruent?"
"860","t","true","90","0","4","experimental","or","switch","incongruent?"
"1582","t","true","270","0","4","experimental","or","repetition","incongruent?"
"1126","t","true","270","0","1","experimental","or","repetition","incongruent?"
"1099","t","false","270","0","4","experimental","or","repetition","incongruent?"
"717","t","true","90","0","4","experimental","mov","switch","incongruent?"
"852","v","true","270","0","4","experimental","or","switch","incongruent?"
"737","t","true","90","0","4","experimental","or","repetition","incongruent?"
"1066","t","true","90","0","1","experimental","mov","switch","incongruent?"
"597","t","true","90","0","4","experimental","mov","repetition","incongruent?"
"944","t","true","90","0","1","experimental","mov","repetition","incongruent?"
"778","t","false","90","0","4","experimental","or","switch","incongruent?"
"1608","t","true","90","0","1","experimental","mov","switch","incongruent?"
"549","v","true","270","0","4","experimental","or","switch","incongruent?"
"761","t","false","90","0","4","experimental","or","repetition","incongruent?"
"747","t","true","90","0","4","experimental","or","repetition","incongruent?"
"1368","t","false","90","0","1","experimental","or","repetition","incongruent?"
"505","v","true","270","0","1","experimental","mov","switch","incongruent?"
"890","v","true","270","0","4","experimental","mov","repetition","incongruent?"
"877","t","true","90","0","4","experimental","mov","repetition","incongruent?"
"816","t","true","90","0","1","experimental","mov","repetition","incongruent?"
"945","t","true","90","0","4","experimental","mov","repetition","incongruent?"
"494","v","false","270","0","1","experimental","or","switch","incongruent?"
"985","t","false","90","0","4","experimental","or","repetition","incongruent?"
"912","v","true","90","0","4","experimental","or","repetition","incongruent?"
"745","t","true","90","0","4","experimental","mov","switch","incongruent?"
"577","v","true","270","0","4","experimental","mov","repetition","incongruent?"
"861","t","true","90","0","1","experimental","mov","repetition","incongruent?"
"786","v","true","270","0","1","experimental","or","switch","incongruent?"
"643","v","true","270","0","1","experimental","or","repetition","incongruent?"
"694","t","true","90","0","1","experimental","or","repetition","incongruent?"
"826","v","true","270","0","1","experimental","or","repetition","incongruent?"
