"rt","key_press","correct","coherent_movement_direction","coherent_orientation","stimulus_type","block_type","task_type","task_transition","congruency"
"1988","v","true","270","0","1","training","mov","null","incongruent?"
"1048","t","false","270","0","1","training","or","switch","incongruent?"
"962","t","true","90","0","1","training","or","repetition","incongruent?"
"645","t","false","90","0","1","training","or","repetition","incongruent?"
"1612","t","true","90","0","1","training","mov","switch","incongruent?"
"-1","","false","90","0","1","training","or","switch","incongruent?"
"928","v","true","270","0","4","training","mov","switch","incongruent?"
"867","t","true","90","0","4","training","mov","repetition","incongruent?"
"1016","v","true","270","0","1","training","mov","repetition","incongruent?"
"908","t","true","90","0","1","training","mov","repetition","incongruent?"
"820","v","true","270","0","4","training","or","switch","incongruent?"
"1042","t","true","90","0","4","training","mov","switch","incongruent?"
"1027","v","true","270","0","4","training","mov","repetition","incongruent?"
"769","v","false","270","0","1","training","or","switch","incongruent?"
"620","t","false","90","0","4","training","or","repetition","incongruent?"
"828","v","false","270","0","1","training","or","repetition","incongruent?"
"1040","t","true","90","0","1","experimental","or","null","incongruent?"
"987","v","true","270","0","1","experimental","mov","switch","incongruent?"
"948","v","false","270","0","1","experimental","or","switch","incongruent?"
"1829","t","false","270","0","4","experimental","mov","switch","incongruent?"
"1301","t","false","90","0","1","experimental","or","switch","incongruent?"
"811","t","true","90","0","1","experimental","mov","switch","incongruent?"
"644","t","true","90","0","1","experimental","mov","repetition","incongruent?"
"803","v","true","270","0","1","experimental","mov","repetition","incongruent?"
"879","t","true","90","0","1","experimental","mov","repetition","incongruent?"
"880","v","true","270","0","4","experimental","mov","repetition","incongruent?"
"820","v","true","270","0","1","experimental","mov","repetition","incongruent?"
"1942","t","true","270","0","4","experimental","or","switch","incongruent?"
"929","t","true","90","0","4","experimental","mov","switch","incongruent?"
"703","t","true","90","0","4","experimental","mov","repetition","incongruent?"
"759","t","true","90","0","1","experimental","or","switch","incongruent?"
"963","t","true","90","0","4","experimental","mov","switch","incongruent?"
"827","t","true","90","0","4","experimental","mov","repetition","incongruent?"
"910","v","true","270","0","1","experimental","or","switch","incongruent?"
"812","t","true","90","0","4","experimental","mov","switch","incongruent?"
"761","t","true","90","0","4","experimental","or","switch","incongruent?"
"758","t","true","90","0","4","experimental","or","repetition","incongruent?"
"841","v","true","270","0","4","experimental","or","repetition","incongruent?"
"1533","v","false","270","0","4","experimental","or","repetition","incongruent?"
"1628","v","true","270","0","1","experimental","mov","switch","incongruent?"
"1921","v","true","270","0","4","experimental","mov","repetition","incongruent?"
"793","t","true","90","0","1","experimental","mov","repetition","incongruent?"
"928","v","true","270","0","4","experimental","mov","repetition","incongruent?"
"1057","v","false","270","0","4","experimental","or","switch","incongruent?"
"1257","v","true","270","0","4","experimental","mov","switch","incongruent?"
"779","v","true","270","0","4","experimental","mov","repetition","incongruent?"
"1774","v","true","270","0","4","experimental","mov","repetition","incongruent?"
"778","t","true","90","0","1","experimental","mov","repetition","incongruent?"
"-1","","false","270","0","4","experimental","or","switch","incongruent?"
"826","t","false","90","0","1","experimental","or","repetition","incongruent?"
"960","v","true","270","0","4","experimental","or","repetition","incongruent?"
"725","v","true","270","0","4","experimental","or","repetition","incongruent?"
"1184","t","true","90","0","4","experimental","mov","switch","incongruent?"
"791","t","true","90","0","4","experimental","or","switch","incongruent?"
"903","v","true","270","0","4","experimental","mov","switch","incongruent?"
"657","t","true","90","0","1","experimental","mov","repetition","incongruent?"
"770","v","true","270","0","4","experimental","or","switch","incongruent?"
"794","t","true","90","0","4","experimental","mov","switch","incongruent?"
"814","t","true","90","0","4","experimental","or","switch","incongruent?"
"634","t","true","90","0","4","experimental","mov","switch","incongruent?"
"1028","v","true","270","0","4","experimental","mov","repetition","incongruent?"
"636","t","true","90","0","1","experimental","mov","repetition","incongruent?"
"943","t","false","90","0","1","experimental","or","switch","incongruent?"
"1309","v","true","270","0","1","experimental","mov","switch","incongruent?"
"1382","t","true","90","0","1","experimental","mov","repetition","incongruent?"
"785","t","false","90","0","1","experimental","or","switch","incongruent?"
"910","v","true","270","0","4","experimental","or","repetition","incongruent?"
"-1","","false","270","0","4","experimental","or","repetition","incongruent?"
"747","v","true","270","0","1","experimental","mov","switch","incongruent?"
"-1","","false","270","0","1","experimental","or","switch","incongruent?"
"819","t","false","90","0","4","experimental","or","repetition","incongruent?"
"692","v","true","270","0","1","experimental","or","repetition","incongruent?"
"626","v","true","270","0","4","experimental","mov","switch","incongruent?"
"743","t","true","90","0","4","experimental","mov","repetition","incongruent?"
"839","v","true","90","0","4","experimental","or","switch","incongruent?"
"642","t","false","90","0","1","experimental","or","repetition","incongruent?"
"990","t","true","90","0","4","experimental","or","repetition","incongruent?"
"493","v","true","270","0","4","experimental","mov","switch","incongruent?"
"537","v","false","90","0","4","experimental","mov","repetition","incongruent?"
"773","v","true","270","0","1","experimental","or","switch","incongruent?"
"924","t","true","90","0","1","experimental","or","repetition","incongruent?"
"797","t","true","90","0","1","experimental","or","repetition","incongruent?"
"572","v","true","270","0","4","experimental","mov","switch","incongruent?"
"1064","t","true","90","0","1","experimental","or","switch","incongruent?"
"1575","t","true","90","0","1","experimental","mov","switch","incongruent?"
"773","t","false","90","0","4","experimental","or","switch","incongruent?"
"530","t","true","90","0","1","experimental","or","repetition","incongruent?"
"684","v","false","270","0","1","experimental","or","repetition","incongruent?"
"844","t","false","90","0","4","experimental","or","repetition","incongruent?"
"739","v","true","270","0","1","experimental","mov","switch","incongruent?"
"991","v","false","270","0","1","experimental","or","switch","incongruent?"
"719","t","true","90","0","1","experimental","or","repetition","incongruent?"
"741","v","true","270","0","1","experimental","or","repetition","incongruent?"
"778","v","true","270","0","4","experimental","mov","switch","incongruent?"
"645","t","false","90","0","4","experimental","or","switch","incongruent?"
"316","v","false","90","0","1","experimental","mov","switch","incongruent?"
"745","t","true","90","0","1","experimental","mov","repetition","incongruent?"
"718","t","true","90","0","1","experimental","mov","repetition","incongruent?"
"571","t","true","270","0","4","experimental","or","switch","incongruent?"
"585","v","false","90","0","4","experimental","mov","switch","incongruent?"
"1187","v","true","270","0","1","experimental","mov","repetition","incongruent?"
"1247","v","true","270","0","1","experimental","mov","repetition","incongruent?"
"791","v","true","270","0","1","experimental","or","switch","incongruent?"
"857","t","false","90","0","1","experimental","or","repetition","incongruent?"
"777","v","false","270","0","4","experimental","or","repetition","incongruent?"
"362","v","true","270","0","4","experimental","mov","switch","incongruent?"
"704","v","true","270","0","1","experimental","or","switch","incongruent?"
"639","v","false","270","0","4","experimental","or","repetition","incongruent?"
"642","t","false","90","0","1","experimental","or","repetition","incongruent?"
"796","v","true","270","0","1","experimental","or","repetition","incongruent?"
"918","v","true","270","0","4","experimental","mov","switch","incongruent?"
"764","t","true","90","0","4","experimental","mov","repetition","incongruent?"
