"rt","key_press","correct","coherent_movement_direction","coherent_orientation","stimulus_type","block_type","task_type","task_transition","congruency"
"-1","","false","270","0","4","training","mov","null","incongruent?"
"1289","t","false","270","0","1","training","mov","repetition","incongruent?"
"924","v","true","270","0","1","training","mov","repetition","incongruent?"
"1461","t","false","90","0","4","training","or","switch","incongruent?"
"1179","v","false","90","0","1","training","mov","switch","incongruent?"
"1546","t","true","90","0","1","training","mov","repetition","incongruent?"
"-1","","false","270","0","4","training","or","switch","incongruent?"
"909","t","true","90","0","1","training","mov","switch","incongruent?"
"1393","v","true","270","0","1","training","or","switch","incongruent?"
"961","t","true","90","0","4","training","or","repetition","incongruent?"
"1213","v","false","270","0","1","training","or","repetition","incongruent?"
"1512","t","true","270","0","4","training","or","repetition","incongruent?"
"1061","t","true","90","0","4","training","or","repetition","incongruent?"
"1609","v","true","270","0","4","training","mov","switch","incongruent?"
"792","t","true","90","0","1","training","mov","repetition","incongruent?"
"955","t","false","90","0","4","training","or","switch","incongruent?"
"961","v","true","270","0","1","experimental","or","null","incongruent?"
"1268","v","true","270","0","1","experimental","mov","switch","incongruent?"
"875","t","false","90","0","4","experimental","or","switch","incongruent?"
"-1","","false","90","0","4","experimental","or","repetition","incongruent?"
"932","v","true","270","0","1","experimental","mov","switch","incongruent?"
"1189","v","false","270","0","4","experimental","or","switch","incongruent?"
"1217","v","true","270","0","4","experimental","mov","switch","incongruent?"
"832","t","true","90","0","1","experimental","mov","repetition","incongruent?"
"1038","t","true","90","0","1","experimental","mov","repetition","incongruent?"
"1112","t","false","90","0","1","experimental","or","switch","incongruent?"
"-1","","false","90","0","1","experimental","mov","switch","incongruent?"
"746","t","true","90","0","1","experimental","mov","repetition","incongruent?"
"697","v","true","270","0","4","experimental","mov","repetition","incongruent?"
"1484","v","false","270","0","1","experimental","or","switch","incongruent?"
"787","v","true","270","0","1","experimental","mov","switch","incongruent?"
"964","v","true","270","0","4","experimental","mov","repetition","incongruent?"
"756","t","true","90","0","4","experimental","mov","repetition","incongruent?"
"1815","t","true","90","0","4","experimental","or","switch","incongruent?"
"1845","t","true","90","0","4","experimental","mov","switch","incongruent?"
"1936","v","false","270","0","1","experimental","or","switch","incongruent?"
"1815","t","true","90","0","4","experimental","mov","switch","incongruent?"
"1890","v","false","270","0","4","experimental","or","switch","incongruent?"
"1090","v","true","270","0","1","experimental","mov","switch","incongruent?"
"1248","v","false","270","0","4","experimental","or","switch","incongruent?"
"978","t","true","90","0","1","experimental","or","repetition","incongruent?"
"1756","t","false","90","0","1","experimental","or","repetition","incongruent?"
"1228","v","true","270","0","1","experimental","or","repetition","incongruent?"
"891","v","true","270","0","4","experimental","or","repetition","incongruent?"
"1328","t","true","90","0","4","experimental","mov","switch","incongruent?"
"1521","v","true","270","0","1","experimental","or","switch","incongruent?"
"1834","v","true","270","0","4","experimental","mov","switch","incongruent?"
"-1","","false","90","0","4","experimental","or","switch","incongruent?"
"1423","t","true","90","0","1","experimental","mov","switch","incongruent?"
"1069","v","false","270","0","1","experimental","or","switch","incongruent?"
"881","t","true","90","0","4","experimental","or","repetition","incongruent?"
"885","v","true","270","0","1","experimental","mov","switch","incongruent?"
"753","v","false","270","0","4","experimental","or","switch","incongruent?"
"1211","t","true","90","0","4","experimental","or","repetition","incongruent?"
"916","v","true","270","0","1","experimental","or","repetition","incongruent?"
"1102","t","true","90","0","1","experimental","mov","switch","incongruent?"
"977","v","true","270","0","4","experimental","mov","repetition","incongruent?"
"944","t","true","90","0","1","experimental","mov","repetition","incongruent?"
"791","t","false","90","0","1","experimental","or","switch","incongruent?"
"1108","t","true","90","0","4","experimental","mov","switch","incongruent?"
"758","v","true","270","0","1","experimental","mov","repetition","incongruent?"
"1095","t","true","90","0","4","experimental","or","switch","incongruent?"
"1638","t","false","90","0","1","experimental","or","repetition","incongruent?"
"1132","v","true","270","0","1","experimental","or","repetition","incongruent?"
"1364","v","true","270","0","4","experimental","or","repetition","incongruent?"
"822","t","true","90","0","4","experimental","or","repetition","incongruent?"
"792","t","true","90","0","4","experimental","mov","switch","incongruent?"
"902","v","true","270","0","4","experimental","mov","repetition","incongruent?"
"916","v","true","270","0","4","experimental","or","switch","incongruent?"
"1005","t","true","90","0","4","experimental","mov","switch","incongruent?"
"1615","t","true","90","0","1","experimental","mov","repetition","incongruent?"
"1017","v","true","270","0","4","experimental","or","switch","incongruent?"
"1299","t","true","90","0","4","experimental","or","repetition","incongruent?"
"1147","t","true","90","0","1","experimental","mov","switch","incongruent?"
"1414","t","false","90","0","4","experimental","or","switch","incongruent?"
"1084","v","true","270","0","4","experimental","mov","switch","incongruent?"
"1728","t","true","270","0","4","experimental","or","switch","incongruent?"
"1105","t","false","90","0","1","experimental","or","repetition","incongruent?"
"1177","v","true","270","0","1","experimental","or","repetition","incongruent?"
"1399","v","true","270","0","4","experimental","mov","switch","incongruent?"
"1560","t","true","90","0","1","experimental","mov","repetition","incongruent?"
"1115","v","true","270","0","1","experimental","mov","repetition","incongruent?"
"946","v","true","270","0","4","experimental","mov","repetition","incongruent?"
"760","t","true","90","0","4","experimental","mov","repetition","incongruent?"
"1376","t","true","90","0","1","experimental","or","switch","incongruent?"
"682","v","true","270","0","1","experimental","or","repetition","incongruent?"
"986","v","false","270","0","1","experimental","or","repetition","incongruent?"
"1149","t","true","90","0","4","experimental","mov","switch","incongruent?"
"1044","v","true","270","0","4","experimental","mov","repetition","incongruent?"
"1372","v","false","270","0","4","experimental","or","switch","incongruent?"
"912","t","false","90","0","1","experimental","or","repetition","incongruent?"
"1596","t","true","90","0","4","experimental","or","repetition","incongruent?"
"892","t","false","90","0","1","experimental","or","repetition","incongruent?"
"850","v","true","270","0","1","experimental","mov","switch","incongruent?"
"1511","t","true","90","0","4","experimental","mov","repetition","incongruent?"
"1756","v","true","270","0","4","experimental","mov","repetition","incongruent?"
"1069","t","true","90","0","4","experimental","or","switch","incongruent?"
"989","v","true","270","0","1","experimental","or","repetition","incongruent?"
"1043","v","true","270","0","4","experimental","mov","switch","incongruent?"
"1754","v","true","270","0","1","experimental","mov","repetition","incongruent?"
"845","t","true","90","0","4","experimental","mov","repetition","incongruent?"
"1664","t","true","90","0","4","experimental","mov","repetition","incongruent?"
"1173","v","false","270","0","1","experimental","or","switch","incongruent?"
"1151","t","false","90","0","1","experimental","or","repetition","incongruent?"
"1676","t","false","90","0","1","experimental","or","repetition","incongruent?"
"884","v","true","270","0","4","experimental","mov","switch","incongruent?"
"1143","v","true","270","0","4","experimental","mov","repetition","incongruent?"
"857","t","true","90","0","4","experimental","mov","repetition","incongruent?"
"758","v","true","270","0","4","experimental","mov","repetition","incongruent?"
"-1","","false","270","0","1","experimental","or","switch","incongruent?"
"810","t","true","90","0","4","experimental","or","repetition","incongruent?"
"687","t","true","90","0","1","experimental","mov","switch","incongruent?"
