"rt","key_press","correct","coherent_movement_direction","coherent_orientation","stimulus_type","block_type","task_type","task_transition","congruency"
"783","t","true","90","0","1","training","mov","null","incongruent?"
"663","v","true","270","0","1","training","or","switch","incongruent?"
"729","t","true","90","0","4","training","mov","switch","incongruent?"
"566","v","false","270","0","1","training","or","switch","incongruent?"
"515","v","true","270","0","1","training","mov","switch","incongruent?"
"563","v","true","270","0","4","training","mov","repetition","incongruent?"
"552","t","true","90","0","1","training","mov","repetition","incongruent?"
"462","t","true","90","0","1","training","or","switch","incongruent?"
"579","t","false","90","0","4","training","or","repetition","incongruent?"
"641","t","false","90","0","1","training","or","repetition","incongruent?"
"599","v","true","270","0","4","training","mov","switch","incongruent?"
"584","t","true","90","0","1","training","mov","repetition","incongruent?"
"604","v","true","270","0","1","training","mov","repetition","incongruent?"
"642","v","true","270","0","4","training","or","switch","incongruent?"
"556","v","false","270","0","4","training","or","repetition","incongruent?"
"618","t","true","90","0","1","training","or","repetition","incongruent?"
"872","t","true","90","0","1","experimental","mov","null","incongruent?"
"423","t","false","90","0","1","experimental","or","switch","incongruent?"
"555","v","false","270","0","4","experimental","or","repetition","incongruent?"
"516","t","true","90","0","1","experimental","or","repetition","incongruent?"
"496","t","true","90","0","1","experimental","mov","switch","incongruent?"
"543","v","true","270","0","4","experimental","or","switch","incongruent?"
"628","v","true","270","0","1","experimental","mov","switch","incongruent?"
"535","t","true","90","0","1","experimental","mov","repetition","incongruent?"
"777","t","true","90","0","4","experimental","mov","repetition","incongruent?"
"618","v","false","270","0","1","experimental","or","switch","incongruent?"
"585","v","true","270","0","1","experimental","mov","switch","incongruent?"
"444","t","true","90","0","4","experimental","mov","repetition","incongruent?"
"486","t","true","90","0","1","experimental","mov","repetition","incongruent?"
"496","v","true","270","0","1","experimental","mov","repetition","incongruent?"
"472","v","true","270","0","4","experimental","mov","repetition","incongruent?"
"479","t","true","90","0","1","experimental","mov","repetition","incongruent?"
"503","t","true","90","0","4","experimental","mov","repetition","incongruent?"
"518","t","false","90","0","4","experimental","or","switch","incongruent?"
"560","v","true","270","0","1","experimental","or","repetition","incongruent?"
"527","v","true","270","0","4","experimental","or","repetition","incongruent?"
"560","t","true","90","0","1","experimental","or","repetition","incongruent?"
"776","v","true","270","0","1","experimental","or","repetition","incongruent?"
"493","v","false","270","0","1","experimental","or","repetition","incongruent?"
"894","v","true","270","0","4","experimental","mov","switch","incongruent?"
"501","t","true","90","0","1","experimental","or","switch","incongruent?"
"502","t","true","90","0","4","experimental","mov","switch","incongruent?"
"445","t","true","90","0","4","experimental","or","switch","incongruent?"
"422","t","true","90","0","4","experimental","or","repetition","incongruent?"
"493","t","false","90","0","4","experimental","or","repetition","incongruent?"
"409","t","false","90","0","1","experimental","or","repetition","incongruent?"
"617","t","true","90","0","4","experimental","mov","switch","incongruent?"
"460","t","true","90","0","4","experimental","mov","repetition","incongruent?"
"575","v","true","270","0","1","experimental","or","switch","incongruent?"
"500","v","true","270","0","1","experimental","mov","switch","incongruent?"
"534","v","true","270","0","1","experimental","mov","repetition","incongruent?"
"670","v","true","270","0","4","experimental","mov","repetition","incongruent?"
"577","t","true","90","0","1","experimental","mov","repetition","incongruent?"
"664","v","true","270","0","1","experimental","mov","repetition","incongruent?"
"671","t","true","90","0","4","experimental","or","switch","incongruent?"
"632","v","true","270","0","4","experimental","mov","switch","incongruent?"
"543","t","true","90","0","1","experimental","mov","repetition","incongruent?"
"644","v","false","270","0","4","experimental","or","switch","incongruent?"
"647","v","true","270","0","1","experimental","mov","switch","incongruent?"
"523","v","false","270","0","1","experimental","or","switch","incongruent?"
"839","t","false","90","0","1","experimental","or","repetition","incongruent?"
"639","v","true","270","0","4","experimental","or","repetition","incongruent?"
"416","v","true","270","0","4","experimental","mov","switch","incongruent?"
"429","v","true","270","0","4","experimental","mov","repetition","incongruent?"
"602","v","false","270","0","1","experimental","or","switch","incongruent?"
"577","t","true","90","0","1","experimental","or","repetition","incongruent?"
"581","v","true","270","0","1","experimental","mov","switch","incongruent?"
"442","t","false","90","0","4","experimental","or","switch","incongruent?"
"587","v","true","270","0","4","experimental","mov","switch","incongruent?"
"434","t","false","90","0","1","experimental","or","switch","incongruent?"
"514","v","true","270","0","1","experimental","mov","switch","incongruent?"
"453","v","true","270","0","1","experimental","mov","repetition","incongruent?"
"559","v","false","270","0","4","experimental","or","switch","incongruent?"
"401","v","true","270","0","1","experimental","mov","switch","incongruent?"
"583","v","true","270","0","4","experimental","mov","repetition","incongruent?"
"511","t","true","90","0","1","experimental","or","switch","incongruent?"
"467","t","true","90","0","1","experimental","mov","switch","incongruent?"
"415","t","false","90","0","1","experimental","or","switch","incongruent?"
"406","t","true","90","0","1","experimental","or","repetition","incongruent?"
"501","v","false","270","0","4","experimental","or","repetition","incongruent?"
"481","t","true","90","0","4","experimental","mov","switch","incongruent?"
"450","t","true","90","0","1","experimental","mov","repetition","incongruent?"
"429","t","false","90","0","1","experimental","or","switch","incongruent?"
"512","v","true","270","0","4","experimental","or","repetition","incongruent?"
"481","t","true","90","0","1","experimental","mov","switch","incongruent?"
"491","v","false","90","0","4","experimental","mov","repetition","incongruent?"
"624","v","true","270","0","4","experimental","or","switch","incongruent?"
"508","t","true","90","0","1","experimental","or","repetition","incongruent?"
"1197","v","false","90","0","4","experimental","or","repetition","incongruent?"
"695","v","true","270","0","1","experimental","mov","switch","incongruent?"
"599","t","true","90","0","1","experimental","or","switch","incongruent?"
"646","t","true","90","0","4","experimental","mov","switch","incongruent?"
"609","v","true","270","0","1","experimental","mov","repetition","incongruent?"
"534","v","true","270","0","4","experimental","or","switch","incongruent?"
"473","v","true","270","0","1","experimental","mov","switch","incongruent?"
"505","t","false","90","0","1","experimental","or","switch","incongruent?"
"532","v","true","270","0","1","experimental","mov","switch","incongruent?"
"617","t","true","90","0","1","experimental","mov","repetition","incongruent?"
"1183","v","true","270","0","4","experimental","mov","repetition","incongruent?"
"629","t","true","90","0","1","experimental","mov","repetition","incongruent?"
"623","t","true","90","0","4","experimental","mov","repetition","incongruent?"
"604","v","false","270","0","1","experimental","or","switch","incongruent?"
"516","v","false","270","0","1","experimental","or","repetition","incongruent?"
"931","t","true","90","0","4","experimental","mov","switch","incongruent?"
"575","v","false","270","0","4","experimental","or","switch","incongruent?"
"486","t","false","90","0","1","experimental","or","repetition","incongruent?"
"572","t","false","90","0","4","experimental","or","repetition","incongruent?"
"396","t","false","270","0","4","experimental","or","repetition","incongruent?"
"609","v","true","270","0","4","experimental","or","repetition","incongruent?"
"477","v","false","270","0","4","experimental","or","repetition","incongruent?"
"592","t","true","90","0","1","experimental","mov","switch","incongruent?"
"588","v","true","270","0","4","experimental","or","switch","incongruent?"
